source,cpi_code,cpi_item,code,link_id,name,product_name,brand,weight,item_unit,base_unit,stock,stock_status,stock_level,price,discount_price,url,image_url,category_l1,category_l2,lebanon_category,date
carrefour,11101,Wheat (local),392248,392248,Zain Peeled Wheat 900GR,Zain Peeled Wheat 900GR,,900G,,,True,inStock,,1.2605,1.2605,https://www.carrefourlebanon.com/maflbn/en/black-eyed-peas/zain-peeled-wheeat-900g/p/392248,"https://cdn.mafrservices.com/sys-master-root/h9b/h84/35096168726558/392248_main.jpg?im=Resize=(300,300)",Food Cupboard,"Rice, Pasta & Pulses",111 - Bread and Cereals,2026-06-26
carrefour,11101,Wheat (local),72364,72364,Gardenia Grain DOr Peeled Wheat 907GR,Gardenia Grain DOr Peeled Wheat 907GR,,907G,,,True,lowStock,,1.4362,1.4362,https://www.carrefourlebanon.com/maflbn/en/black-eyed-peas/gardenia-peeled-wheat-907g/p/72364,"https://cdn.mafrservices.com/sys-master-root/h52/h56/50986495148062/72364_main.jpg?im=Resize=(300,300)",Food Cupboard,"Rice, Pasta & Pulses",111 - Bread and Cereals,2026-06-26
carrefour,11101,Wheat (local),362554,362554,Aoun Peeled Wheat 900GR,Aoun Peeled Wheat 900GR,,900G,,,True,inStock,,1.2399,1.2399,https://www.carrefourlebanon.com/maflbn/en/plain-white-flour/aoun-simple-wheat-900gm/p/362554,"https://cdn.mafrservices.com/sys-master-root/h88/hbb/32939841454110/362554_main.jpg?im=Resize=(300,300)",Food Cupboard,Sugar & Home Baking,111 - Bread and Cereals,2026-06-26
carrefour,11103,Wheat (ground),72368,72368,Gardenia Grain Dor Coarse Brown Bulgur 907GR,Gardenia Grain Dor Coarse Brown Bulgur 907GR,,907G,,,True,inStock,,1.4362,1.4362,https://www.carrefourlebanon.com/maflbn/en/burghol/gardenia-gross-brown-bulgur-907g/p/72368,"https://cdn.mafrservices.com/sys-master-root/haf/h0e/9189059264542/72368_main.jpg?im=Resize=(300,300)",Food Cupboard,"Rice, Pasta & Pulses",111 - Bread and Cereals,2026-06-26
carrefour,11103,Wheat (ground),478081,478081,Daabool Coarse Brown Bulgur 900GR,Daabool Coarse Brown Bulgur 900GR,,900G,,,True,inStock,,1.1366,1.1366,https://www.carrefourlebanon.com/maflbn/en/burghol/daabool-coarse-brown-bulgur-900g/p/478081,"https://cdn.mafrservices.com/pim-content/LBN/media/product/478081/1742821203/478081_main.jpg?im=Resize=(300,300)",Food Cupboard,"Rice, Pasta & Pulses",111 - Bread and Cereals,2026-06-26
carrefour,11106,Wheat flour with bran (local),398643,398643,Deroni Wheat Flour 900GR,Deroni Wheat Flour 900GR,,900G,,,True,inStock,,0.8782,0.8782,https://www.carrefourlebanon.com/maflbn/en/plain-white-flour/deroni-wheat-flour-900g/p/398643,"https://cdn.mafrservices.com/sys-master-root/h10/hfe/44848918233118/398643_main.jpg?im=Resize=(300,300)",Food Cupboard,Sugar & Home Baking,111 - Bread and Cereals,2026-06-26
carrefour,11106,Wheat flour with bran (local),265627,265627,Zain Flour 900GR,Zain Flour 900GR,,900G,,,True,inStock,,0.9299,0.9299,https://www.carrefourlebanon.com/maflbn/en/plain-white-flour/zain-flour-900gm/p/265627,"https://cdn.mafrservices.com/sys-master-root/h6b/h9b/50399315656734/265627_main.jpg?im=Resize=(300,300)",Food Cupboard,Sugar & Home Baking,111 - Bread and Cereals,2026-06-26
carrefour,11108,White flour-local,478123,478123,Daabool All Purpose Flour 900GR,Daabool All Purpose Flour 900GR,,900G,,,True,inStock,,0.9816,0.9816,https://www.carrefourlebanon.com/maflbn/en/plain-white-flour/daabool-all-purpose-flour-900g/p/478123,"https://cdn.mafrservices.com/pim-content/LBN/media/product/478123/1742821203/478123_main.jpg?im=Resize=(300,300)",Food Cupboard,Sugar & Home Baking,111 - Bread and Cereals,2026-06-26
carrefour,11108,White flour-local,355563,355563,Ocean Garden All Purpose Flour 900GR,Ocean Garden All Purpose Flour 900GR,,900G,,,True,inStock,,0.902,0.902,https://www.carrefourlebanon.com/maflbn/en/plain-white-flour/ocean-garden-all-purpose-flour-900g/p/355563,"https://cdn.mafrservices.com/sys-master-root/he5/h18/31533457965086/355563_main.jpg?im=Resize=(300,300)",Food Cupboard,Sugar & Home Baking,111 - Bread and Cereals,2026-06-26
carrefour,11109,white flour-imported,55257,55257,Gold Medal All Purpose Flour 1KG,Gold Medal All Purpose Flour 1KG,,1KG,,,True,inStock,,2.0768,2.0768,https://www.carrefourlebanon.com/maflbn/en/plain-white-flour/gold-medal-flour-1kg/p/55257,"https://cdn.mafrservices.com/sys-master-root/h46/hd2/45782863085598/55257_main.jpg?im=Resize=(300,300)",Food Cupboard,Sugar & Home Baking,111 - Bread and Cereals,2026-06-26
carrefour,11114,"Rice-Phwar, bsmati, Anbar",15331,15331,Taj Indian Basmati Rice 720GR,Taj Indian Basmati Rice 720GR,,720G,,,True,inStock,,3.7713,3.7713,https://www.carrefourlebanon.com/maflbn/en/indian-basmati-rice/taj-indian-basmati-rice-800gm/p/15331,"https://cdn.mafrservices.com/sys-master-root/hb0/h43/12793377488926/15331_main.jpg?im=Resize=(300,300)",Food Cupboard,"Rice, Pasta & Pulses",111 - Bread and Cereals,2026-06-26
carrefour,11114,"Rice-Phwar, bsmati, Anbar",378311,378311,Tijan Magical Basmati Rice 750GR,Tijan Magical Basmati Rice 750GR,,750G,,,True,inStock,,3.3477,3.3477,https://www.carrefourlebanon.com/maflbn/en/indian-basmati-rice/tijan-magical-basmati-rice-750g/p/378311,"https://cdn.mafrservices.com/sys-master-root/h3b/h91/17485202096158/378311_main.jpg?im=Resize=(300,300)",Food Cupboard,"Rice, Pasta & Pulses",111 - Bread and Cereals,2026-06-26
carrefour,11115,Rice-Indian (Mezza-all kinds),37247,37247,India Gate Classic Basmati Rice 5KG,India Gate Classic Basmati Rice 5KG,,5KG,,,True,inStock,,22.7208,22.7208,https://www.carrefourlebanon.com/maflbn/en/indian-basmati-rice/india-gate-classic-basmati-rice5kg/p/37247,"https://cdn.mafrservices.com/sys-master-root/ha7/h1a/9038245986334/37247_main.jpg?im=Resize=(300,300)",Food Cupboard,"Rice, Pasta & Pulses",111 - Bread and Cereals,2026-06-26
carrefour,11115,Rice-Indian (Mezza-all kinds),478097,478097,Buraq Basmati Rice 5KG,Buraq Basmati Rice 5KG,,5KG,,,True,inStock,,11.7685,11.7685,https://www.carrefourlebanon.com/maflbn/en/indian-basmati-rice/buraq-basmati-rice-5kg/p/478097,"https://cdn.mafrservices.com/pim-content/LBN/media/product/478097/1742821203/478097_main.jpg?im=Resize=(300,300)",Food Cupboard,"Rice, Pasta & Pulses",111 - Bread and Cereals,2026-06-26
carrefour,11116,Rice American(all kinds),389488,389488,Terrador American Rice 5KG,Terrador American Rice 5KG,,5KG,,,True,inStock,,8.1109,8.1109,https://www.carrefourlebanon.com/maflbn/en/parboiled-rice/terrador-american-rice-5-kg/p/389488,"https://cdn.mafrservices.com/sys-master-root/hce/h3e/28237281722398/389488_main.jpg?im=Resize=(300,300)",Food Cupboard,"Rice, Pasta & Pulses",111 - Bread and Cereals,2026-06-26
carrefour,11116,Rice American(all kinds),398648,398648,Deroni American Rice 5KG,Deroni American Rice 5KG,,5KG,,,True,inStock,,6.1477,6.1477,https://www.carrefourlebanon.com/maflbn/en/parboiled-rice/deroni-american-rice-5kg/p/398648,"https://cdn.mafrservices.com/pim-content/LBN/media/product/398648/1718089203/398648_main.jpg?im=Resize=(300,300)",Food Cupboard,"Rice, Pasta & Pulses",111 - Bread and Cereals,2026-06-26
carrefour,11116,Rice American(all kinds),68551,68551,Two Girls American Rice 5KG,Two Girls American Rice 5KG,,5KG,,,True,inStock,,6.1891,6.1891,https://www.carrefourlebanon.com/maflbn/en/indian-basmati-rice/two-girls-long-grain-rice-5kg/p/68551,"https://cdn.mafrservices.com/sys-master-root/hb2/h2a/33683380502558/68551_main.jpg?im=Resize=(300,300)",Food Cupboard,"Rice, Pasta & Pulses",111 - Bread and Cereals,2026-06-26
carrefour,11117,White rice,354484,354484,Deroni Egyptian Rice 5KG,Deroni Egyptian Rice 5KG,,5KG,,,True,inStock,,5.9411,5.9411,https://www.carrefourlebanon.com/maflbn/en/australian-egyptian-rice/deroni-egyptian-rice-5-kg/p/354484,"https://cdn.mafrservices.com/sys-master-root/h0c/h5d/27321979207710/354484_main.jpg?im=Resize=(300,300)",Food Cupboard,"Rice, Pasta & Pulses",111 - Bread and Cereals,2026-06-26
carrefour,11117,White rice,392266,392266,Zain Egyptian Rice 5KG,Zain Egyptian Rice 5KG,,5KG,,,True,inStock,,6.6023,6.6023,https://www.carrefourlebanon.com/maflbn/en/australian-egyptian-rice/zain-egyptian-rice-5kg/p/392266,"https://cdn.mafrservices.com/pim-content/LBN/media/product/392266/1772109600/392266_main.jpg?im=Resize=(300,300)",Food Cupboard,"Rice, Pasta & Pulses",111 - Bread and Cereals,2026-06-26
carrefour,11117,White rice,37188,37188,Aoun Egyptian Rice 5KG,Aoun Egyptian Rice 5KG,,5KG,,,True,inStock,,8.4932,8.4932,https://www.carrefourlebanon.com/maflbn/en/australian-egyptian-rice/aoun-egyptian-rice-5kg/p/37188,"https://cdn.mafrservices.com/sys-master-root/h25/h43/10241097760798/37188_main.jpg?im=Resize=(300,300)",Food Cupboard,"Rice, Pasta & Pulses",111 - Bread and Cereals,2026-06-26
carrefour,11122,Vermicelli,42494,42494,Panzani Vermicelli 400GR,Panzani Vermicelli 400GR,,400G,,,True,inStock,,1.3029,1.3029,https://www.carrefourlebanon.com/maflbn/en/soup-pasta-vermicelli/panzani-vermicelli-500g/p/42494,"https://cdn.mafrservices.com/pim-content/LBN/media/product/42494/1776846600/42494_main.jpg?im=Resize=(300,300)",Food Cupboard,"Rice, Pasta & Pulses",111 - Bread and Cereals,2026-06-26
carrefour,11122,Vermicelli,376207,376207,Arbella Pasta Vermicelli 400GR,Arbella Pasta Vermicelli 400GR,,400G,,,True,inStock,,0.8473,0.5512,https://www.carrefourlebanon.com/maflbn/en/soup-pasta-vermicelli/arbella-vermicelli-400g/p/376207,"https://cdn.mafrservices.com/sys-master-root/h1c/ha2/31533561774110/376207_main.jpg?im=Resize=(300,300)",Food Cupboard,"Rice, Pasta & Pulses",111 - Bread and Cereals,2026-06-26
carrefour,11122,Vermicelli,410853,410853,Pasta Della Nonna Vermicelli No30 400GR,Pasta Della Nonna Vermicelli No30 400GR,,400G,,,True,inStock,,0.8369,0.8369,https://www.carrefourlebanon.com/maflbn/en/soup-pasta-vermicelli/della-nonna-vermicelli-400g/p/410853,"https://cdn.mafrservices.com/sys-master-root/h29/h99/48995832266782/410853_main.jpg?im=Resize=(300,300)",Food Cupboard,"Rice, Pasta & Pulses",111 - Bread and Cereals,2026-06-26
carrefour,11124,Macaroni- Spaghetti,69248,69248,Barilla N5 Spaghetti 500GR,Barilla N5 Spaghetti 500GR,,500G,,,True,inStock,,1.5936,1.5936,https://www.carrefourlebanon.com/maflbn/en/short-cut-pasta/barilla-spaghetti-no-5-500-gr/p/69248,"https://cdn.mafrservices.com/sys-master-root/hfb/h8f/9040422830110/69248_main.jpg?im=Resize=(300,300)",Food Cupboard,"Rice, Pasta & Pulses",111 - Bread and Cereals,2026-06-26
carrefour,11124,Macaroni- Spaghetti,349909,349909,Divella Pasta Spaghetti Vermicellini 500GR,Divella Pasta Spaghetti Vermicellini 500GR,,500G,,,True,inStock,,1.2709,1.2709,https://www.carrefourlebanon.com/maflbn/en/short-cut-pasta/divella-spagt-verm-500gm/p/349909,"https://cdn.mafrservices.com/sys-master-root/hf5/ha6/10391230447646/349909_main.jpg?im=Resize=(300,300)",Food Cupboard,"Rice, Pasta & Pulses",111 - Bread and Cereals,2026-06-26
carrefour,11127,Macaroni- local,410852,410852,Pasta Della Nonna Spaghetti No5 400GR,Pasta Della Nonna Spaghetti No5 400GR,,400G,,,True,inStock,,0.8369,0.8369,https://www.carrefourlebanon.com/maflbn/en/spaghetti/della-nonna-spaghetti-400g/p/410852,"https://cdn.mafrservices.com/sys-master-root/h3b/h9c/48995832332318/410852_main.jpg?im=Resize=(300,300)",Food Cupboard,"Rice, Pasta & Pulses",111 - Bread and Cereals,2026-06-26
carrefour,11127,Macaroni- local,353278,353278,Deroni Pasta Spaghetti 500GR,Deroni Pasta Spaghetti 500GR,,500G,,,True,inStock,,0.8369,0.8369,https://www.carrefourlebanon.com/maflbn/en/spaghetti/deroni-spaghetti-500gm/p/353278,"https://cdn.mafrservices.com/sys-master-root/hf0/h66/27343083143198/353278_main.jpg?im=Resize=(300,300)",Food Cupboard,"Rice, Pasta & Pulses",111 - Bread and Cereals,2026-06-26
carrefour,11129,Macaroni-Andomi (noodles,72783,72783,Indomie Instant Noodles Vegetable 70GR,Indomie Instant Noodles Vegetable 70GR,,70G,,,True,inStock,,0.3307,0.3307,https://www.carrefourlebanon.com/maflbn/en/packet-noodles/indomie-vegetable-70gm/p/72783,"https://cdn.mafrservices.com/sys-master-root/h98/h39/48648349122590/72783_main.jpg?im=Resize=(300,300)",Food Cupboard,"Tins, Jars & Packets",111 - Bread and Cereals,2026-06-26
carrefour,11129,Macaroni-Andomi (noodles,72781,72781,Indomie Chicken Curry Noodles 70GR,Indomie Chicken Curry Noodles 70GR,,70G,,,True,inStock,,0.3909,0.3909,https://www.carrefourlebanon.com/maflbn/en/packet-noodles/indomie-chicken-curry-75gm/p/72781,"https://cdn.mafrservices.com/sys-master-root/heb/he6/12935580287006/72781_main.jpg?im=Resize=(300,300)",Food Cupboard,"Tins, Jars & Packets",111 - Bread and Cereals,2026-06-26
carrefour,11131,Soup-Shofan,455698,455698,Foster Clark'S White Oats 500GR,Foster Clark'S White Oats 500GR,,500G,,,True,inStock,,2.986,2.986,https://www.carrefourlebanon.com/maflbn/en/oats/foster-clark-s-white-oats-500g/p/455698,"https://cdn.mafrservices.com/pim-content/LBN/media/product/455698/1724682603/455698_main.jpg?im=Resize=(300,300)",Food Cupboard,Breakfast Cereals & Bars,111 - Bread and Cereals,2026-06-26
carrefour,11132,All wheat bread (borr),492452,492452,Plein Soleil Tortilla Large 650GR,Plein Soleil Tortilla Large 650GR,,650G,,,True,lowStock,,5.7344,5.7344,https://www.carrefourlebanon.com/maflbn/en/tortilla/plein-soleil-tortilla-large-650g/p/492452,"https://cdn.mafrservices.com/pim-content/LBN/media/product/492452/1755497404/492452_main.jpg?im=Resize=(300,300)",Food Cupboard,World Specialities,111 - Bread and Cereals,2026-06-26
carrefour,11132,All wheat bread (borr),352390,352390,Alforno Equia Tortilla Bread  Plain 360GR,Alforno Equia Tortilla Bread  Plain 360GR,,360G,,,True,inStock,,2.986,2.986,https://www.carrefourlebanon.com/maflbn/en/wraps/alforno-tortilla-plain-6-wraps/p/352390,"https://cdn.mafrservices.com/sys-master-root/h92/hc5/50270947442718/352390_main.jpg?im=Resize=(300,300)",Bakery,"Arabic Bread, Wraps & Flatbreads",111 - Bread and Cereals,2026-06-26
carrefour,11133,White bread,284782,284782,Al Forno Pita Bread White Large 835GR,Al Forno Pita Bread White Large 835GR,,835G,,,True,inStock,,1.0367,1.0367,https://www.carrefourlebanon.com/maflbn/en/white-sliced-bread/al-forno-pita-white-large-825g/p/284782,"https://cdn.mafrservices.com/sys-master-root/hbe/hf8/48925744955422/284782_main.jpg?im=Resize=(300,300)",Bakery,Bread & Rolls,111 - Bread and Cereals,2026-06-26
carrefour,11133,White bread,40041,40041,Pain D'Or Arabic Bread Big 835GR,Pain D'Or Arabic Bread Big 835GR,,835G,,,True,inStock,,1.0367,1.0367,https://www.carrefourlebanon.com/maflbn/en/specialities-bread/pain-d-or-arabic-bread-big-825g/p/40041,"https://cdn.mafrservices.com/sys-master-root/hc6/hec/50886299025438/40041_main.jpg?im=Resize=(300,300)",Bakery,Bread & Rolls,111 - Bread and Cereals,2026-06-26
carrefour,11135,Bread- Samoli,40034,40034,Pain D'Or Submarine With Sesme 330GR,Pain D'Or Submarine With Sesme 330GR,,330G,,,True,lowStock,,3.0687,3.0687,https://www.carrefourlebanon.com/maflbn/en/specialities-bread/pain-d-or-submarine-with-sesme-330g/p/40034,"https://cdn.mafrservices.com/sys-master-root/h72/h41/26825529229342/40034_main.jpg?im=Resize=(300,300)",Bakery,Bread & Rolls,111 - Bread and Cereals,2026-06-26
carrefour,11136,Bread (toast),243626,243626,Wooden Bakery White Toast 350GR,Wooden Bakery White Toast 350GR,,350G,,,True,lowStock,,2.5727,2.5727,https://www.carrefourlebanon.com/maflbn/en/specialities-bread/wood-toast-white/p/243626,"https://cdn.mafrservices.com/sys-master-root/h22/h18/10675824263198/243626_main.jpg?im=Resize=(300,300)",Bakery,Bread & Rolls,111 - Bread and Cereals,2026-06-26
carrefour,11136,Bread (toast),31341,31341,Sandwich Bread Slices,Sandwich Bread Slices,,,,,True,inStock,,1.1731,1.1731,https://www.carrefourlebanon.com/maflbn/en/sandwich-bread/pain-de-mie-slices/p/31341,"https://cdn.mafrservices.com/sys-master-root/hd4/h27/33625729531934/31341_main.jpg?im=Resize=(300,300)",Sandwich Bread,,111 - Bread and Cereals,2026-06-26
carrefour,11141,Croissant,327725,327725,Pain D'Or  Croissant School Cheese 100GR,Pain D'Or  Croissant School Cheese 100GR,,100G,,,True,inStock,,0.9196,0.9196,https://www.carrefourlebanon.com/maflbn/en/specialities-bread/paindor-croissant-skl-cheese-100g/p/327725,"https://cdn.mafrservices.com/sys-master-root/hf3/hc9/28205436338206/327725_main.jpg?im=Resize=(300,300)",Bakery,Bread & Rolls,111 - Bread and Cereals,2026-06-26
carrefour,11141,Croissant,312767,312767,Al Forno Croissant Cheese,Al Forno Croissant Cheese,,,,,True,lowStock,,0.8163,0.8163,https://www.carrefourlebanon.com/maflbn/en/salted-products/al-forno-croissant-cheese/p/312767,"https://cdn.mafrservices.com/sys-master-root/hde/hb1/10950135021598/312767_main.jpg?im=Resize=(300,300)",Bakery,"Croissants, Pastries & Cakes",111 - Bread and Cereals,2026-06-26
carrefour,11142,Bread (Shaboura),40046,40046,Pain D'Or Kaek Tawil 400GR,Pain D'Or Kaek Tawil 400GR,,400G,,,True,inStock,,3.358,3.358,https://www.carrefourlebanon.com/maflbn/en/dry-bread-products/pain-d-or-kaek-tawil-400g/p/40046,"https://cdn.mafrservices.com/sys-master-root/hb2/ha3/26825523986462/40046_main.jpg?im=Resize=(300,300)",Bakery,Crackers & Bread Sticks,111 - Bread and Cereals,2026-06-26
carrefour,11142,Bread (Shaboura),243591,243591,Wooden Bakery Kaak Finger Long,Wooden Bakery Kaak Finger Long,,,,,True,inStock,,2.4591,2.4591,https://www.carrefourlebanon.com/maflbn/en/dry-bread-products/wood-kaak-finger-long/p/243591,"https://cdn.mafrservices.com/sys-master-root/h8d/hdb/10995862437918/243591_main.jpg?im=Resize=(300,300)",Bakery,Crackers & Bread Sticks,111 - Bread and Cereals,2026-06-26
carrefour,11142,Bread (Shaboura),284806,284806,Al Forno Kaak Sesame 250GR,Al Forno Kaak Sesame 250GR,,250G,,,True,inStock,,2.0561,2.0561,https://www.carrefourlebanon.com/maflbn/en/dry-bread-products/al-forno-kaak-longo-sesame-250g/p/284806,"https://cdn.mafrservices.com/sys-master-root/hed/h13/11724187041822/284806_main.jpg?im=Resize=(300,300)",Bakery,Crackers & Bread Sticks,111 - Bread and Cereals,2026-06-26
carrefour,11145,Biscuits- local,347635,347635,Mastro Choc Ole Chocolate Biscuit 30GR,Mastro Choc Ole Chocolate Biscuit 30GR,,30G,,,True,inStock,,0.2583,0.2583,https://www.carrefourlebanon.com/maflbn/en/wafers/mastro-choco-ole-30gm/p/347635,"https://cdn.mafrservices.com/sys-master-root/h72/ha1/10385849647134/347635_main.jpg?im=Resize=(300,300)",Food Cupboard,"Biscuits, Crackers & Cakes",111 - Bread and Cereals,2026-06-26
carrefour,11145,Biscuits- local,347638,347638,Mastro Biscuits Biscou Marie 49GR,Mastro Biscuits Biscou Marie 49GR,,49G,,,True,inStock,,0.2583,0.2583,https://www.carrefourlebanon.com/maflbn/en/fiber/mastro-biscou-marie-49gm/p/347638,"https://cdn.mafrservices.com/sys-master-root/h08/h08/11685122015262/347638_main.jpg?im=Resize=(300,300)",Food Cupboard,"Biscuits, Crackers & Cakes",111 - Bread and Cereals,2026-06-26
carrefour,11146,Biscuits- imported,359609,359609,Ulker Halley Mini Biscuit Ring 66GR,Ulker Halley Mini Biscuit Ring 66GR,,66G,,,True,inStock,,0.9299,0.9299,https://www.carrefourlebanon.com/maflbn/en/cream-chocolate-filled/ulker-halley-roll-66gr/p/359609,"https://cdn.mafrservices.com/sys-master-root/h2c/hdd/34767754133534/359609_main.jpg?im=Resize=(300,300)",Food Cupboard,"Biscuits, Crackers & Cakes",111 - Bread and Cereals,2026-06-26
carrefour,11146,Biscuits- imported,33503,33503,Ulker Biskrem Biscuits 99 GR,Ulker Biskrem Biscuits 99 GR,,99G,,,True,inStock,,0.6406,0.6406,https://www.carrefourlebanon.com/maflbn/en/cookies/ulker-biskrem-99g/p/33503,"https://cdn.mafrservices.com/sys-master-root/h1e/he9/9038971306014/33503_main.jpg?im=Resize=(300,300)",Food Cupboard,"Biscuits, Crackers & Cakes",111 - Bread and Cereals,2026-06-26
carrefour,11146,Biscuits- imported,370474,370474,Lotus Biscuits Vanilla 150GR,Lotus Biscuits Vanilla 150GR,,150G,,,True,inStock,,4.2879,4.2879,https://www.carrefourlebanon.com/maflbn/en/assorted-tins/lotus-biscuits-vanilla-150-gr/p/370474,"https://cdn.mafrservices.com/pim-content/LBN/media/product/370474/1726207203/370474_main.jpg?im=Resize=(300,300)",Food Cupboard,"Biscuits, Crackers & Cakes",111 - Bread and Cereals,2026-06-26
carrefour,11149,Corn Flakes,59379,59379,Kelloggs Corn Flakes 375GR,Kelloggs Corn Flakes 375GR,,375G,,,True,lowStock,,5.1558,5.1558,https://www.carrefourlebanon.com/maflbn/en/corn-flakes/kellogg-s-corn-flakes-375g/p/59379,"https://cdn.mafrservices.com/sys-master-root/h46/h92/16176381558814/59379_main.jpg?im=Resize=(300,300)",Food Cupboard,Breakfast Cereals & Bars,111 - Bread and Cereals,2026-06-26
carrefour,11149,Corn Flakes,378327,378327,Poppins No Added Sugar Corn Flakes 300GR,Poppins No Added Sugar Corn Flakes 300GR,,300G,,,True,inStock,,4.0813,4.0813,https://www.carrefourlebanon.com/maflbn/en/corn-flakes/poppins-no-added-sugar-corn-300g/p/378327,"https://cdn.mafrservices.com/sys-master-root/h89/hfe/48955685797918/378327_main.jpg?im=Resize=(300,300)",Food Cupboard,Breakfast Cereals & Bars,111 - Bread and Cereals,2026-06-26
carrefour,11151,Dough,183279,183279,Lamesa Pizza Dough 1KG,Lamesa Pizza Dough 1KG,,1KG,,,True,inStock,,5.2488,5.2488,https://www.carrefourlebanon.com/maflbn/en/pizza-base-/lamesa-pizza-dough-1kg/p/183279,"https://cdn.mafrservices.com/sys-master-root/h6f/hcd/9334514384926/183279_main.jpg?im=Resize=(300,300)",Frozen Food,Ready Meals & Appetizers,111 - Bread and Cereals,2026-06-26
carrefour,11151,Dough,41160,41160,Tonys Food Pizza Dough Large 6 Pieces,Tonys Food Pizza Dough Large 6 Pieces,,6PCS,,,True,lowStock,,5.7344,5.7344,https://www.carrefourlebanon.com/maflbn/en/pizza-base-/tony-s-food-pastry-pizza-lr-6-pcs/p/41160,"https://cdn.mafrservices.com/sys-master-root/h0c/h6a/10728530477086/41160_main.jpg?im=Resize=(300,300)",Frozen Food,Ready Meals & Appetizers,111 - Bread and Cereals,2026-06-26
carrefour,11152,Cerelac,488639,488639,Just Fruits Apple And Banana 110GR,Just Fruits Apple And Banana 110GR,,110G,,,True,inStock,,1.8288,1.8288,https://www.carrefourlebanon.com/maflbn/en/fruit-jars-desserts/just-fruits-apple-banana-110g/p/488639,"https://cdn.mafrservices.com/pim-content/LBN/media/product/488639/1752832804/488639_main.jpg?im=Resize=(300,300)",Baby Products,"Milk, Food & Juices",111 - Bread and Cereals,2026-06-26
carrefour,11152,Cerelac,488638,488638,Just Fruits Apple And  Mango 110GR,Just Fruits Apple And  Mango 110GR,,110G,,,True,inStock,,1.8288,1.8288,https://www.carrefourlebanon.com/maflbn/en/fruit-jars-desserts/just-fruits-apple-mango-110g/p/488638,"https://cdn.mafrservices.com/pim-content/LBN/media/product/488638/1752832804/488638_main.jpg?im=Resize=(300,300)",Baby Products,"Milk, Food & Juices",111 - Bread and Cereals,2026-06-26
carrefour,11153,Doughnut,476516,476516,Yamama Donuts Vanilla 37GR,Yamama Donuts Vanilla 37GR,,37G,,,True,inStock,,0.6406,0.6406,https://www.carrefourlebanon.com/maflbn/en/cake-muffin/yamama-donuts-vanilla-37g/p/476516,"https://cdn.mafrservices.com/pim-content/LBN/media/product/476516/1739541604/476516_main.jpg?im=Resize=(300,300)",Food Cupboard,"Biscuits, Crackers & Cakes",111 - Bread and Cereals,2026-06-26
carrefour,11153,Doughnut,461996,461996,Solen Papita Donut Chocolate 40GR,Solen Papita Donut Chocolate 40GR,,40G,,,True,inStock,,0.4133,0.4133,https://www.carrefourlebanon.com/maflbn/en/biscuits-cakes/solen-papita-donut-choc-40g/p/461996,"https://cdn.mafrservices.com/pim-content/LBN/media/product/461996/1736159403/461996_main.jpg?im=Resize=(300,300)",Philippines,Biscuits & Cakes,111 - Bread and Cereals,2026-06-26
carrefour,11155,Knefeh,469298,469298,Lamesa Knefeh Dough 1KG,Lamesa Knefeh Dough 1KG,,1KG,,,True,inStock,,8.2659,8.2659,https://www.carrefourlebanon.com/maflbn/en/ice-cream-cakes/lamesa-knefeh-dough-1kg/p/469298,"https://cdn.mafrservices.com/pim-content/LBN/media/product/469298/1734447603/469298_main.jpg?im=Resize=(300,300)",Ice Cream & Desserts,Ice cream Cakes,111 - Bread and Cereals,2026-06-26
carrefour,11160,Mamoul,273439,273439,Taqa Oat Date Maamoul  45GR,Taqa Oat Date Maamoul  45GR,,45G,,,True,inStock,,1.4465,1.4465,https://www.carrefourlebanon.com/maflbn/en/oats/taqa-oat-maamoul-date-45g/p/273439,"https://cdn.mafrservices.com/sys-master-root/h31/hfb/26547577585694/273439_main.jpg?im=Resize=(300,300)",Bio & Organic Food,Organic Food Cupboard,111 - Bread and Cereals,2026-06-26
carrefour,11203,Fresh mutton,66279,66279,Lamb Cubes,Lamb Cubes,,,,,True,inStock,,15.5296,15.5296,https://www.carrefourlebanon.com/maflbn/en/african-other-lamb/local-lamb-cubes/p/66279,"https://cdn.mafrservices.com/pim-content/LBN/media/product/66279/1745299803/66279_main.jpg?im=Resize=(300,300)",Fresh Food,Meat & Poultry,112 - Meat and Poultry,2026-06-26
carrefour,11212,Fresh beef-Minced,66246,66246,Beef Mince Local,Beef Mince Local,,,,,True,inStock,,2.9646,2.9646,https://www.carrefourlebanon.com/maflbn/en/local-beef/local-beef-mince-shoulder/p/66246,"https://cdn.mafrservices.com/sys-master-root/he1/h9c/45257761226782/66246_main.jpg?im=Resize=(300,300)",Fresh Food,Meat & Poultry,112 - Meat and Poultry,2026-06-26
carrefour,11213,Frozen beef-minced,58131,58131,Imported Beef Mince 15% Fat,Imported Beef Mince 15% Fat,,,,,True,inStock,,1.9022,1.6016,https://www.carrefourlebanon.com/maflbn/en/brazilian-beef/imported-beef-mince/p/58131,"https://cdn.mafrservices.com/pim-content/LBN/media/product/58131/1769087400/58131_main.jpg?im=Resize=(300,300)",Fresh Food,Meat & Poultry,112 - Meat and Poultry,2026-06-26
carrefour,11226,"Fresh chicken ,local",270867,270867,Fresh Whole Chicken,Fresh Whole Chicken,,,,,True,inStock,,5.4121,5.4121,https://www.carrefourlebanon.com/maflbn/en/chicken/fresh-whole-chicken-per-kg/p/270867,"https://cdn.mafrservices.com/sys-master-root/h5a/hfa/44808121384990/270867_main.jpg?im=Resize=(300,300)",Fresh Food,Meat & Poultry,112 - Meat and Poultry,2026-06-26
carrefour,11227,"Frozen chicken, local",329077,329077,Kwik Chicken Escalope 500GR,Kwik Chicken Escalope 500GR,,500G,,,True,lowStock,,6.8917,6.8917,https://www.carrefourlebanon.com/maflbn/en/chicken-breaded-filet/kwik-chicken-escalope-500g/p/329077,"https://cdn.mafrservices.com/pim-content/LBN/media/product/329077/1739290803/329077_main.jpg?im=Resize=(300,300)",Frozen Food,Ready Meals & Appetizers,112 - Meat and Poultry,2026-06-26
carrefour,11227,"Frozen chicken, local",155056,155056,Tanmia Chicken Escalope 900GR,Tanmia Chicken Escalope 900GR,,900G,,,True,lowStock,,11.7788,11.7788,https://www.carrefourlebanon.com/maflbn/en/other-breaded-products/tanmia-chicken-escalope-900g/p/155056,"https://cdn.mafrservices.com/sys-master-root/hc3/h63/44365484720158/155056_main.jpg?im=Resize=(300,300)",Frozen Food,Ready Meals & Appetizers,112 - Meat and Poultry,2026-06-26
carrefour,11228,"Frozen chicken, imported",10324,10324,Hawa Chicken Nuggets 500GR,Hawa Chicken Nuggets 500GR,,500G,,,True,inStock,,3.5646,3.5646,https://www.carrefourlebanon.com/maflbn/en/chicken-nuggets/hawa-chicken-nuggets-500g/p/10324,"https://cdn.mafrservices.com/sys-master-root/hec/h33/33625583353886/10324_main.jpg?im=Resize=(300,300)",Frozen Food,Ready Meals & Appetizers,112 - Meat and Poultry,2026-06-26
carrefour,11228,"Frozen chicken, imported",155057,155057,Tanmia Chicken Nuggets 900GR,Tanmia Chicken Nuggets 900GR,,900G,,,True,inStock,,6.561,6.561,https://www.carrefourlebanon.com/maflbn/en/chicken-nuggets/tanmia-chicken-nuggets-900g/p/155057,"https://cdn.mafrservices.com/sys-master-root/h3e/hc0/33915781677086/155057_main.jpg?im=Resize=(300,300)",Frozen Food,Ready Meals & Appetizers,112 - Meat and Poultry,2026-06-26
carrefour,11229,"Chicken-minced, local",270736,270736,Fresh Chicken Breast,Fresh Chicken Breast,,,,,True,inStock,,5.3118,5.3118,https://www.carrefourlebanon.com/maflbn/en/chicken/fresh-breast-per-kg/p/270736,"https://cdn.mafrservices.com/sys-master-root/hd4/h57/33219745447966/270736_main.jpg?im=Resize=(300,300)",Fresh Food,Meat & Poultry,112 - Meat and Poultry,2026-06-26
carrefour,11241,"Hamburger chicken (Fresh,Frozen)",356524,356524,Tanmia Chicken Breaded Filet 500GR,Tanmia Chicken Breaded Filet 500GR,,500G,,,True,lowStock,,4.4946,4.4946,https://www.carrefourlebanon.com/maflbn/en/chicken-breaded-filet/tanmia-chicken-breaded-filet-500g/p/356524,"https://cdn.mafrservices.com/sys-master-root/hb1/hcf/33915782823966/356524_main.jpg?im=Resize=(300,300)",Frozen Food,Ready Meals & Appetizers,112 - Meat and Poultry,2026-06-26
carrefour,11244,Chicken legs,270735,270735,"Fresh Chicken Leg 
","Fresh Chicken Leg 
",,,,,True,inStock,,1.6537,1.6537,https://www.carrefourlebanon.com/maflbn/en/chicken/fresh-legs-per-kg/p/270735,"https://cdn.mafrservices.com/sys-master-root/hc7/h40/44581734023198/270735_main.jpg?im=Resize=(300,300)",Fresh Food,Meat & Poultry,112 - Meat and Poultry,2026-06-26
carrefour,11245,"Pieces of chicken chests & wings (fresh, frozen)",270737,270737,Fresh Chicken Wings,Fresh Chicken Wings,,,,,True,inStock,,1.1526,1.1526,https://www.carrefourlebanon.com/maflbn/en/chicken/fresh-wings-per-kg/p/270737,"https://cdn.mafrservices.com/sys-master-root/h4f/h98/44808120270878/270737_main.jpg?im=Resize=(300,300)",Fresh Food,Meat & Poultry,112 - Meat and Poultry,2026-06-26
carrefour,11304,"Fresh fish , ajaj",500688,500688,Ijaj,Ijaj,,,,,True,inStock,,10.9244,8.9199,https://www.carrefourlebanon.com/maflbn/en/fish/ajaj/p/500688,"https://cdn.mafrservices.com/pim-content/LBN/media/product/500688/1760106606/500688_main.jpg?im=Resize=(300,300)",Fresh Food,Fish & Seafood,113 - Fish and Seafood,2026-06-26
carrefour,11307,"Fresh fish, sultan ibrahim",21361,21361,Sultan Brahim Fish,Sultan Brahim Fish,,,,,True,inStock,,5.9633,5.0062,https://www.carrefourlebanon.com/maflbn/en/fish/sultan-ibrahim-dubai/p/21361,"https://cdn.mafrservices.com/sys-master-root/hb1/h8a/45229424214046/21361_main.jpg?im=Resize=(300,300)",Fresh Food,Fish & Seafood,113 - Fish and Seafood,2026-06-26
carrefour,11310,"Other fresh fish,  specify",462499,462499,Local Salmon Fish,Local Salmon Fish,,,,,True,lowStock,,11.9767,11.9767,https://www.carrefourlebanon.com/maflbn/en/fish/local-salmon-fish/p/462499,"https://cdn.mafrservices.com/pim-content/LBN/media/product/462499/1730297403/462499_main.jpg?im=Resize=(300,300)",Fresh Food,Fish & Seafood,113 - Fish and Seafood,2026-06-26
carrefour,11312,"Fresh shrimp,scaled",21705,21705,Frozen Shrimps 20/30,Frozen Shrimps 20/30,,,,,True,inStock,,11.0246,8.509,https://www.carrefourlebanon.com/maflbn/en/frozen-lobster-shrimp-cigal/shrimps-20-30/p/21705,"https://cdn.mafrservices.com/sys-master-root/h14/hb3/45584698015774/21705_main.jpg?im=Resize=(300,300)",Fresh Food,Fish & Seafood,113 - Fish and Seafood,2026-06-26
carrefour,11318,"Canned tuna, imported",115504,115504,Plein Soleil White Tuna in Oil 90GR,Plein Soleil White Tuna in Oil 90GR,,90G,,,True,inStock,,1.3742,1.3742,https://www.carrefourlebanon.com/maflbn/en/tuna/plein-soleil-whit-meat-tuna-oil-90g/p/115504,"https://cdn.mafrservices.com/pim-content/LBN/media/product/115504/1739270403/115504_main.jpg?im=Resize=(300,300)",Food Cupboard,"Tins, Jars & Packets",113 - Fish and Seafood,2026-06-26
carrefour,11318,"Canned tuna, imported",514801,514801,Ortiz Atun Tuna In Olive Oil 270GR,Ortiz Atun Tuna In Olive Oil 270GR,,270G,,,True,inStock,,17.9679,17.9679,https://www.carrefourlebanon.com/maflbn/en/tuna/ortiz-atun-tuna-in-olive-oil-270g/p/514801,"https://cdn.mafrservices.com/pim-content/LBN/media/product/514801/1766070000/514801_main.jpg?im=Resize=(300,300)",Food Cupboard,"Tins, Jars & Packets",113 - Fish and Seafood,2026-06-26
carrefour,11401,"Fresh milk, local",354155,354155,La Bergere Uht Full Fat 1L,La Bergere Uht Full Fat 1L,,1L,,,True,inStock,,1.9838,1.9838,https://www.carrefourlebanon.com/maflbn/en/uht-milk-full-fat/la-bergere-uht-full-fat-1l/p/354155,"https://cdn.mafrservices.com/sys-master-root/h3e/h06/11343404236830/354155_main.jpg?im=Resize=(300,300)",Fresh Food,Dairy & Eggs,"114 - Milk, Products & Eggs",2026-06-26
carrefour,11401,"Fresh milk, local",215920,215920,Candia Uht Milk Full Fat 200ML,Candia Uht Milk Full Fat 200ML,,200ML,,,True,inStock,,0.5889,0.5889,https://www.carrefourlebanon.com/maflbn/en/uht-milk-full-fat/candia-uht-milk-full-180ml/p/215920,"https://cdn.mafrservices.com/sys-master-root/h97/h37/17302790340638/215920_main.jpg?im=Resize=(300,300)",Fresh Food,Dairy & Eggs,"114 - Milk, Products & Eggs",2026-06-26
carrefour,11401,"Fresh milk, local",34210,34210,Candia Lait Uht Entier 1L,Candia Lait Uht Entier 1L,,1L,,,True,inStock,,1.8541,1.8541,https://www.carrefourlebanon.com/maflbn/en/uht-milk-full-fat/candia-lait-uht-entier-1l/p/34210,"https://cdn.mafrservices.com/sys-master-root/hc0/h2c/17317320359966/34210_main.jpg?im=Resize=(300,300)",Fresh Food,Dairy & Eggs,"114 - Milk, Products & Eggs",2026-06-26
carrefour,11402,Canned fresh milk with flavours,78045,78045,Danway Iceberg Slim Chocolate Milkshake 180ML,Danway Iceberg Slim Chocolate Milkshake 180ML,,180ML,,,True,inStock,,0.5166,0.5166,https://www.carrefourlebanon.com/maflbn/en/uht-flavored-milk/iceberg-milkshake-choco-180ml/p/78045,"https://cdn.mafrservices.com/sys-master-root/h5b/h0e/13876760117278/78045_main.jpg?im=Resize=(300,300)",Fresh Food,Dairy & Eggs,"114 - Milk, Products & Eggs",2026-06-26
carrefour,11402,Canned fresh milk with flavours,34277,34277,Candia Candy Up Lait Uht Chocolate 125ML,Candia Candy Up Lait Uht Chocolate 125ML,,125ML,,,True,inStock,,0.341,0.341,https://www.carrefourlebanon.com/maflbn/en/uht-flavored-milk/candy-up-lait-uht-chclt-125ml/p/34277,"https://cdn.mafrservices.com/sys-master-root/hde/h60/17285723815966/34277_main.jpg?im=Resize=(300,300)",Fresh Food,Dairy & Eggs,"114 - Milk, Products & Eggs",2026-06-26
carrefour,11403,"Canned liquid milk, local",37342,37342,Taanayel Les Fermes Low Fat Pasteurized Milk 1L,Taanayel Les Fermes Low Fat Pasteurized Milk 1L,,1L,,,True,lowStock,,2.2215,2.2215,https://www.carrefourlebanon.com/maflbn/en/low-fat-milk/taanayel-fresh-milk-low-fat-1-liter/p/37342,"https://cdn.mafrservices.com/pim-content/LBN/media/product/37342/1753171204/37342_main.jpg?im=Resize=(300,300)",Fresh Food,Dairy & Eggs,"114 - Milk, Products & Eggs",2026-06-26
carrefour,11403,"Canned liquid milk, local",354169,354169,La Bergere Uht Low Fat 1L,La Bergere Uht Low Fat 1L,,1L,,,True,inStock,,1.9838,1.9838,https://www.carrefourlebanon.com/maflbn/en/uht-milk-low-fat/la-beregere-uht-low-fat-1l/p/354169,"https://cdn.mafrservices.com/sys-master-root/h9e/h17/11343404761118/354169_main.jpg?im=Resize=(300,300)",Fresh Food,Dairy & Eggs,"114 - Milk, Products & Eggs",2026-06-26
carrefour,11403,"Canned liquid milk, local",34250,34250,Candia Viva Milk Uht Demi Ecreme 1L,Candia Viva Milk Uht Demi Ecreme 1L,,1L,,,True,inStock,,2.3454,2.3454,https://www.carrefourlebanon.com/maflbn/en/uht-milk-low-fat/candia-uht-viva-demi-ecreme-1l/p/34250,"https://cdn.mafrservices.com/pim-content/LBN/media/product/34250/1772173800/34250_main.jpg?im=Resize=(300,300)",Fresh Food,Dairy & Eggs,"114 - Milk, Products & Eggs",2026-06-26
carrefour,11404,"Canned liquid milk, imported",82452,82452,Exoticfood Coconut Milk 400ML,Exoticfood Coconut Milk 400ML,,400ML,,,True,inStock,,4.2879,4.2879,https://www.carrefourlebanon.com/maflbn/en/coconut-milk/exoticfood-coconut-milk-400ml/p/82452,"https://cdn.mafrservices.com/sys-master-root/h64/h39/9040424534046/82452_main.jpg?im=Resize=(300,300)",Food Cupboard,"Tins, Jars & Packets","114 - Milk, Products & Eggs",2026-06-26
carrefour,11404,"Canned liquid milk, imported",378190,378190,Nabat Coconut Milk Can 400ML,Nabat Coconut Milk Can 400ML,,400ML,,,True,lowStock,,4.0193,4.0193,https://www.carrefourlebanon.com/maflbn/en/coconut-milk/nabat-coconut-milk-can-400ml/p/378190,"https://cdn.mafrservices.com/sys-master-root/h53/h56/26904665391134/378190_main.jpg?im=Resize=(300,300)",Food Cupboard,"Tins, Jars & Packets","114 - Milk, Products & Eggs",2026-06-26
carrefour,11405,Condensed or evaporated milk,449997,449997,Plein Soleil Sweetened Condensed Milk 397GR,Plein Soleil Sweetened Condensed Milk 397GR,,397G,,,True,inStock,,2.3953,2.3953,https://www.carrefourlebanon.com/maflbn/en/specialty-milk/plein-sol-sweet-condensed-milk-397g/p/449997,"https://cdn.mafrservices.com/pim-content/LBN/media/product/449997/1720164605/449997_main.jpg?im=Resize=(300,300)",Food Cupboard,Sugar & Home Baking,"114 - Milk, Products & Eggs",2026-06-26
carrefour,11405,Condensed or evaporated milk,505647,505647,Nestle Sweet Condensed Milk 370GR,Nestle Sweet Condensed Milk 370GR,,370G,,,True,inStock,,2.7561,1.9944,https://www.carrefourlebanon.com/maflbn/en/specialty-milk/nestle-sweet-condensed-milk-370g/p/505647,"https://cdn.mafrservices.com/pim-content/LBN/media/product/505647/1761831006/505647_main.jpg?im=Resize=(300,300)",Food Cupboard,Sugar & Home Baking,"114 - Milk, Products & Eggs",2026-06-26
carrefour,11406,Canned powder milk,64742,64742,Nido Full Cream Milk Powder Pouch 900GR,Nido Full Cream Milk Powder Pouch 900GR,,900G,,,True,inStock,,8.4388,8.4388,https://www.carrefourlebanon.com/maflbn/en/powdered-milk/nido-fcmp-pouch-900g/p/64742,"https://cdn.mafrservices.com/sys-master-root/h71/h6b/10124705792030/64742_main.jpg?im=Resize=(300,300)",Food Cupboard,"Tins, Jars & Packets","114 - Milk, Products & Eggs",2026-06-26
carrefour,11406,Canned powder milk,333824,333824,Klim Full Cream Pouch 2KG,Klim Full Cream Pouch 2KG,,2KG,,,True,inStock,,12.5021,12.5021,https://www.carrefourlebanon.com/maflbn/en/powdered-milk/klim-full-cream-pouch-2000gm/p/333824,"https://cdn.mafrservices.com/pim-content/LBN/media/product/333824/1770302400/333824_main.jpg?im=Resize=(300,300)",Food Cupboard,"Tins, Jars & Packets","114 - Milk, Products & Eggs",2026-06-26
carrefour,11409,Yogurt,73257,73257,Dairy Khoury Laban 1KG,Dairy Khoury Laban 1KG,,1KG,,,True,lowStock,,2.7561,2.7561,https://www.carrefourlebanon.com/maflbn/en/plain-laban/dairy-khourylaban-1kg/p/73257,"https://cdn.mafrservices.com/sys-master-root/h1e/h05/17285808816158/73257_main.jpg?im=Resize=(300,300)",Fresh Food,Dairy & Eggs,"114 - Milk, Products & Eggs",2026-06-26
carrefour,11409,Yogurt,34272,34272,Candia Laban Entier 1KG,Candia Laban Entier 1KG,,1KG,,,True,inStock,,2.5256,2.5256,https://www.carrefourlebanon.com/maflbn/en/plain-laban/candia-laban-entier-1kg/p/34272,"https://cdn.mafrservices.com/sys-master-root/hc5/he8/17302793879582/34272_main.jpg?im=Resize=(300,300)",Fresh Food,Dairy & Eggs,"114 - Milk, Products & Eggs",2026-06-26
carrefour,11409,Yogurt,292340,292340,La Bergere Laban 1KG,La Bergere Laban 1KG,,1KG,,,True,inStock,,2.6037,2.6037,https://www.carrefourlebanon.com/maflbn/en/plain-laban/la-bergere-laban-1kg/p/292340,"https://cdn.mafrservices.com/sys-master-root/ha2/h78/9652848951326/292340_main.jpg?im=Resize=(300,300)",Fresh Food,Dairy & Eggs,"114 - Milk, Products & Eggs",2026-06-26
carrefour,11413,Cream,7624,7624,Smeds Plain Cream 170GR,Smeds Plain Cream 170GR,,170G,,,True,inStock,,1.1366,1.1366,https://www.carrefourlebanon.com/maflbn/en/creams/smeds-plain-cream-170gm/p/7624,"https://cdn.mafrservices.com/sys-master-root/hc9/h79/27150205911070/7624_main.jpg?im=Resize=(300,300)",Food Cupboard,Sugar & Home Baking,"114 - Milk, Products & Eggs",2026-06-26
carrefour,11415,"White cheese,local",78360,78360,Candia Akkawi Vacuum Cheese,Candia Akkawi Vacuum Cheese,,,,,True,lowStock,,2.5624,2.5624,https://www.carrefourlebanon.com/maflbn/en/halloumi-akawi-kashkawal/candia-akkawi-vacuum/p/78360,"https://cdn.mafrservices.com/sys-master-root/h15/h88/48925947559966/78360_main.jpg?im=Resize=(300,300)",Fresh Food,Dairy & Eggs,"114 - Milk, Products & Eggs",2026-06-26
carrefour,11415,"White cheese,local",86449,86449,Taanayel Les Fermes Full Fat Halloum Cheese ,Taanayel Les Fermes Full Fat Halloum Cheese ,,,,,True,inStock,,2.9606,2.9606,https://www.carrefourlebanon.com/maflbn/en/halloumi-akawi-kashkawal/taanayel-cheese-halloum-vaccuum9263/p/86449,"https://cdn.mafrservices.com/pim-content/LBN/media/product/86449/1753171204/86449_main.jpg?im=Resize=(300,300)",Fresh Food,Dairy & Eggs,"114 - Milk, Products & Eggs",2026-06-26
carrefour,11415,"White cheese,local",76049,76049,Massabki Halloum Vacuum,Massabki Halloum Vacuum,,,,,True,lowStock,,7.8784,7.8784,https://www.carrefourlebanon.com/maflbn/en/halloumi-akawi-kashkawal/massabki-halloum-vac/p/76049,"https://cdn.mafrservices.com/sys-master-root/ha9/hf3/9947235680286/76049_main.jpg?im=Resize=(300,300)",Fresh Food,Dairy & Eggs,"114 - Milk, Products & Eggs",2026-06-26
carrefour,11417,"Tinned cheese, local",394264,394264,Smeds Cheddar Cheese Slices 150g,Smeds Cheddar Cheese Slices 150g,,150G,,,True,lowStock,,1.3432,1.3432,https://www.carrefourlebanon.com/maflbn/en/others-sliced-cheese/smeds-slices-cheddar-150g/p/394264,"https://cdn.mafrservices.com/sys-master-root/h35/h2e/48955687763998/394264_main.jpg?im=Resize=(300,300)",Fresh Food,Dairy & Eggs,"114 - Milk, Products & Eggs",2026-06-26
carrefour,11417,"Tinned cheese, local",132023,132023,Puck Cheese Slice Cheddar 200g,Puck Cheese Slice Cheddar 200g,,200G,,,True,inStock,,2.2111,2.2111,https://www.carrefourlebanon.com/maflbn/en/others-sliced-cheese/puck-slices-cheddar-200gr7063/p/132023,"https://cdn.mafrservices.com/sys-master-root/h3e/h2d/27007483052062/132023_main.jpg?im=Resize=(300,300)",Fresh Food,Dairy & Eggs,"114 - Milk, Products & Eggs",2026-06-26
carrefour,11419,"Cheese in glasses, local",7731,7731,Smeds Cream Cheese Spread 500g,Smeds Cream Cheese Spread 500g,,500G,,,True,inStock,,4.1329,4.1329,https://www.carrefourlebanon.com/maflbn/en/spread-processed-cheese/smeds-cheese-glass-jars-cream-500g/p/7731,"https://cdn.mafrservices.com/sys-master-root/h80/h23/48955696185374/7731_main.jpg?im=Resize=(300,300)",Fresh Food,Dairy & Eggs,"114 - Milk, Products & Eggs",2026-06-26
carrefour,11419,"Cheese in glasses, local",435367,435367,Bihar Cream Cheese Spreadable 500GR,Bihar Cream Cheese Spreadable 500GR,,500G,,,True,inStock,,3.8333,3.8333,https://www.carrefourlebanon.com/maflbn/en/spread-processed-cheese/bihar-cream-cheese-spreadable-500g/p/435367,"https://cdn.mafrservices.com/sys-master-root/h38/hff/52702507040798/435367_main.jpg?im=Resize=(300,300)",Fresh Food,Dairy & Eggs,"114 - Milk, Products & Eggs",2026-06-26
carrefour,11420,"Cheese in glasses, imported",66022,66022,Puck Cream Cheese Spread Jar 500GR,Puck Cream Cheese Spread Jar 500GR,,500G,,,True,inStock,,4.6289,4.6289,https://www.carrefourlebanon.com/maflbn/en/spread-processed-cheese/puck-jar-cheese-500gr/p/66022,"https://cdn.mafrservices.com/sys-master-root/h79/hae/52611720642590/66022_main.jpg?im=Resize=(300,300)",Fresh Food,Dairy & Eggs,"114 - Milk, Products & Eggs",2026-06-26
carrefour,11420,"Cheese in glasses, imported",418082,418082,Bella Cream Cheese Spread 220GR,Bella Cream Cheese Spread 220GR,,220G,,,True,inStock,,2.0665,2.0665,https://www.carrefourlebanon.com/maflbn/en/spread-processed-cheese/bella-cream-cheese-spread-220g/p/418082,"https://cdn.mafrservices.com/pim-content/LBN/media/product/418082/1739298003/418082_main.jpg?im=Resize=(300,300)",Fresh Food,Dairy & Eggs,"114 - Milk, Products & Eggs",2026-06-26
carrefour,11421,"Triangle like processed cheese, local",68834,68834,Picon Portion Cheese 360GR,Picon Portion Cheese 360GR,,360G,,,True,inStock,,4.5,4.5,https://www.carrefourlebanon.com/maflbn/en/spread-processed-cheese/picon-portion-360-gr/p/68834,"https://cdn.mafrservices.com/sys-master-root/hc2/ha8/49203834814494/68834_main.jpg?im=Resize=(300,300)",Fresh Food,Dairy & Eggs,"114 - Milk, Products & Eggs",2026-06-26
carrefour,11426,Cheese with cream (such as Kirri Cheese),375522,375522,Kiri 24 Portions 400GR ,Kiri 24 Portions 400GR ,,400G,,,True,inStock,,6.725,6.725,https://www.carrefourlebanon.com/maflbn/en/spread-processed-cheese/kiri-24-portions-400g/p/375522,"https://cdn.mafrservices.com/pim-content/LBN/media/product/375522/1773922200/375522_main.jpg?im=Resize=(300,300)",Fresh Food,Dairy & Eggs,"114 - Milk, Products & Eggs",2026-06-26
carrefour,11431,"Eggs, local",89246,89246,Saghbiny Red Eggs 30 Pieces,Saghbiny Red Eggs 30 Pieces,,30PCS,,,True,inStock,,4.4429,4.4429,https://www.carrefourlebanon.com/maflbn/en/brown-eggs/saghbiny-red-eggs-30-pieces/p/89246,"https://cdn.mafrservices.com/sys-master-root/h00/h0e/61797261967390/89246_main.jpg?im=Resize=(300,300)",Fresh Food,Dairy & Eggs,"114 - Milk, Products & Eggs",2026-06-26
carrefour,11431,"Eggs, local",10299,10299,Hawa Chicken Red Eggs 30 Pieces,Hawa Chicken Red Eggs 30 Pieces,,30PCS,,,True,inStock,,4.9009,4.9009,https://www.carrefourlebanon.com/maflbn/en/brown-eggs/hawa-nylon-red-eggs-30/p/10299,"https://cdn.mafrservices.com/sys-master-root/h3b/hc9/9299974750238/10299_main.jpg?im=Resize=(300,300)",Fresh Food,Dairy & Eggs,"114 - Milk, Products & Eggs",2026-06-26
carrefour,11431,"Eggs, local",515030,515030,Egg Me White Eggs 30,Egg Me White Eggs 30,,,,,True,inStock,,4.4739,4.4739,https://www.carrefourlebanon.com/maflbn/en/white-eggs/egg-me-white-eggs-30/p/515030,"https://cdn.mafrservices.com/pim-content/LBN/media/product/515030/1767971400/515030_main.jpg?im=Resize=(300,300)",Fresh Food,Dairy & Eggs,"114 - Milk, Products & Eggs",2026-06-26
carrefour,11501,"Butter , local",361517,361517,Plein Soleil Unsalted Butter 200GR,Plein Soleil Unsalted Butter 200GR,,200G,,,True,inStock,,2.7381,1.9944,https://www.carrefourlebanon.com/maflbn/en/unsalted-butter/plein-soleil-unsalted-butter-200g/p/361517,"https://cdn.mafrservices.com/pim-content/LBN/media/product/361517/1739298003/361517_main.jpg?im=Resize=(300,300)",Fresh Food,Dairy & Eggs,115 - Oils and Fats,2026-06-26
carrefour,11501,"Butter , local",487861,487861,Lurpak Butter 200GR,Lurpak Butter 200GR,,200G,,,True,inStock,,2.7897,2.7897,https://www.carrefourlebanon.com/maflbn/en/unsalted-butter/lurpak-butter-200g10/p/487861,"https://cdn.mafrservices.com/pim-content/LBN/media/product/487861/1749814203/487861_main.jpg?im=Resize=(300,300)",Fresh Food,Dairy & Eggs,115 - Oils and Fats,2026-06-26
carrefour,11504,Local fat ( beef),221067,221067,El Hanim Ghee 700GR,El Hanim Ghee 700GR,,700G,,,True,inStock,,2.5831,2.5831,https://www.carrefourlebanon.com/maflbn/en/vegetable-ghee/el-hanim-ghee-700g/p/221067,"https://cdn.mafrservices.com/sys-master-root/hcd/h81/9163888558110/221067_main.jpg?im=Resize=(300,300)",Food Cupboard,Cooking Ingredients,115 - Oils and Fats,2026-06-26
carrefour,11504,Local fat ( beef),246861,246861,Cow Brand Ghee Pure 2KG,Cow Brand Ghee Pure 2KG,,2KG,,,True,lowStock,,54.6476,54.6476,https://www.carrefourlebanon.com/maflbn/en/animal-ghee/cow-brand-ghee-2kg/p/246861,"https://cdn.mafrservices.com/pim-content/LBN/media/product/246861/1720099203/246861_main.jpg?im=Resize=(300,300)",Food Cupboard,Cooking Ingredients,115 - Oils and Fats,2026-06-26
carrefour,11507,Vegetable oil for frying,115501,115501,Plein Soleil Canola Oil 1.8L,Plein Soleil Canola Oil 1.8L,,1.8L,,,True,lowStock,,7.2326,7.2326,https://www.carrefourlebanon.com/maflbn/en/canola-oil/plein-soleil-canola-oil-1-8l/p/115501,"https://cdn.mafrservices.com/sys-master-root/h08/h45/45780874395678/115501_main.jpg?im=Resize=(300,300)",Food Cupboard,Cooking Ingredients,115 - Oils and Fats,2026-06-26
carrefour,11507,Vegetable oil for frying,326575,326575,Plein Soleil Canola Oil 5L,Plein Soleil Canola Oil 5L,,5L,,,True,inStock,,17.317,17.317,https://www.carrefourlebanon.com/maflbn/en/sunflower-oil/plein-soleil-canola-oil-5l/p/326575,"https://cdn.mafrservices.com/sys-master-root/ha3/h24/13456924475422/326575_main.jpg?im=Resize=(300,300)",Food Cupboard,Cooking Ingredients,115 - Oils and Fats,2026-06-26
carrefour,11508,"Olive oil , local",70045,70045,Saifan Pure Olive Oil 2880ML,Saifan Pure Olive Oil 2880ML,,2880ML,,,True,inStock,,41.1329,41.1329,https://www.carrefourlebanon.com/maflbn/en/olive-oil/saifan-pure-olive-oil-2880ml/p/70045,"https://cdn.mafrservices.com/sys-master-root/h7b/h99/34073485574174/70045_main.jpg?im=Resize=(300,300)",Food Cupboard,Cooking Ingredients,115 - Oils and Fats,2026-06-26
carrefour,11508,"Olive oil , local",272202,272202,Al Wazir Olive Oil 500ML,Al Wazir Olive Oil 500ML,,500ML,,,True,inStock,,6.7677,6.7677,https://www.carrefourlebanon.com/maflbn/en/olive-oil/al-wazir-olive-oil-500ml/p/272202,"https://cdn.mafrservices.com/sys-master-root/h7d/h6a/9655068753950/272202_main.jpg?im=Resize=(300,300)",Food Cupboard,Cooking Ingredients,115 - Oils and Fats,2026-06-26
carrefour,11509,"Olive oil , imported",36010,36010,Mazola Extra Virgin Olive Oil 750ML,Mazola Extra Virgin Olive Oil 750ML,,750ML,,,True,inStock,,10.632,10.632,https://www.carrefourlebanon.com/maflbn/en/olive-oil/mazola-olive-oil-750ml/p/36010,"https://cdn.mafrservices.com/sys-master-root/h49/h5b/14257334386718/36010_main.jpg?im=Resize=(300,300)",Food Cupboard,Cooking Ingredients,115 - Oils and Fats,2026-06-26
carrefour,11510,Corn oil,376324,376324,Afia Corn Oil 2.9L ,Afia Corn Oil 2.9L ,,2.9L,,,True,inStock,,11.8822,11.8822,https://www.carrefourlebanon.com/maflbn/en/corn-oil/afia-corn-oil-2-9l-10-/p/376324,"https://cdn.mafrservices.com/sys-master-root/h9f/h42/17092794482718/376324_main.jpg?im=Resize=(300,300)",Food Cupboard,Cooking Ingredients,115 - Oils and Fats,2026-06-26
carrefour,11510,Corn oil,166664,166664,Mazola Oil Corn 3L,Mazola Oil Corn 3L,,3L,,,True,inStock,,14.4322,14.4322,https://www.carrefourlebanon.com/maflbn/en/corn-oil/mazola-corn-oil-3l/p/166664,"https://cdn.mafrservices.com/sys-master-root/h65/hbd/26879968804894/166664_main.jpg?im=Resize=(300,300)",Food Cupboard,Cooking Ingredients,115 - Oils and Fats,2026-06-26
carrefour,11601,Red apples,520327,520327,Apple Red Extra,Apple Red Extra,,,,,True,inStock,,2.458,2.458,https://www.carrefourlebanon.com/maflbn/en/apple/apple-red-extra-/p/520327,"https://cdn.mafrservices.com/pim-content/LBN/media/product/520327/1772120400/520327_main.jpg?im=Resize=(300,300)",Fruits & Vegetables,Fruits,116 - Fruit and Nuts,2026-06-26
carrefour,11605,Bananas,9779,9779,Banana Local,Banana Local,,,,,True,inStock,,1.0893,1.0893,https://www.carrefourlebanon.com/maflbn/en/banana/banana-local/p/9779,"https://cdn.mafrservices.com/pim-content/LBN/media/product/9779/1767362400/9779_main.jpg?im=Resize=(300,300)",Fruits & Vegetables,Fruits,116 - Fruit and Nuts,2026-06-26
carrefour,11608,Watermelon,412555,412555,Local Watermelon,Local Watermelon,,,,,True,inStock,,6.6473,6.6473,https://www.carrefourlebanon.com/maflbn/en/melon/watermelon/p/412555,"https://cdn.mafrservices.com/sys-master-root/h9c/h8f/49223759265822/412555_main.jpg?im=Resize=(300,300)",Fruits & Vegetables,Fruits,116 - Fruit and Nuts,2026-06-26
carrefour,11609,Melon,521209,521209,Melon,Melon,,,,,True,inStock,,2.0948,2.0948,https://www.carrefourlebanon.com/maflbn/en/melon/melon-/p/521209,"https://cdn.mafrservices.com/pim-content/LBN/media/product/521209/1774944451/521209_main.jpg?im=Resize=(300,300)",Fruits & Vegetables,Fruits,116 - Fruit and Nuts,2026-06-26
carrefour,11612,Pears,9644,9644,Pear Koushi Import,Pear Koushi Import,,,,,True,inStock,,2.2066,2.2066,https://www.carrefourlebanon.com/maflbn/en/pears/pears-koushi-import/p/9644,"https://cdn.mafrservices.com/sys-master-root/hf0/h5f/9334826827806/9644_main.jpg?im=Resize=(300,300)",Fruits & Vegetables,Fruits,116 - Fruit and Nuts,2026-06-26
carrefour,11612,Pears,9642,9642,Pear Green,Pear Green,,,,,True,inStock,,2.2066,2.2066,https://www.carrefourlebanon.com/maflbn/en/pears/pear-green-import/p/9642,"https://cdn.mafrservices.com/sys-master-root/hda/h44/30912550633502/9642_main.jpg?im=Resize=(300,300)",Fruits & Vegetables,Fruits,116 - Fruit and Nuts,2026-06-26
carrefour,11614,Peache,76707,76707,Peaches,Peaches,,,,,True,lowStock,,1.7597,1.7597,https://www.carrefourlebanon.com/maflbn/en/peaches-nectarines/peaches/p/76707,"https://cdn.mafrservices.com/sys-master-root/h3b/h5d/13802488234014/76707_main.jpg?im=Resize=(300,300)",Fruits & Vegetables,Fruits,116 - Fruit and Nuts,2026-06-26
carrefour,11616,Lemon,230930,230930,Lemon Aroca,Lemon Aroca,,,,,True,inStock,,1.3128,1.3128,https://www.carrefourlebanon.com/maflbn/en/lemon-lime/lemon-aroca/p/230930,"https://cdn.mafrservices.com/sys-master-root/h66/h54/51556950573086/230930_main.jpg?im=Resize=(300,300)",Fruits & Vegetables,Fruits,116 - Fruit and Nuts,2026-06-26
carrefour,11618,Mangoes,487539,487539,Mango Egyptian Keitt,Mango Egyptian Keitt,,,,,True,inStock,,3.2681,3.2681,https://www.carrefourlebanon.com/maflbn/en/mango/mango-keitt/p/487539,"https://cdn.mafrservices.com/pim-content/LBN/media/product/487539/1749819603/487539_main.jpg?im=Resize=(300,300)",Fruits & Vegetables,Fruits,116 - Fruit and Nuts,2026-06-26
carrefour,11645,Dates (canned),144550,144550,Aoun Seedless Dates 500GR,Aoun Seedless Dates 500GR,,500G,,,True,inStock,,2.6864,2.6864,https://www.carrefourlebanon.com/maflbn/en/cake-decorating-spreads/aoun-seedless-date-500g596/p/144550,"https://cdn.mafrservices.com/sys-master-root/h49/hbc/13983549489182/144550_main.jpg?im=Resize=(300,300)",Food Cupboard,Sugar & Home Baking,116 - Fruit and Nuts,2026-06-26
carrefour,11652,Seeds,72342,72342,Castania Sunflower Seeds 180GR,Castania Sunflower Seeds 180GR,,180G,,,True,inStock,,1.3949,1.3949,https://www.carrefourlebanon.com/maflbn/en/seeds/castania-sunflower-seeds-180g/p/72342,"https://cdn.mafrservices.com/sys-master-root/h5a/ha3/12376108859422/72342_main.jpg?im=Resize=(300,300)",Food Cupboard,"Nuts, Dates & Dried Fruits",116 - Fruit and Nuts,2026-06-26
carrefour,11652,Seeds,90673,90673,Krikita Sunflower Seeds 30GR,Krikita Sunflower Seeds 30GR,,30G,,,True,inStock,,0.3823,0.3823,https://www.carrefourlebanon.com/maflbn/en/seeds/krikita-sunflower-seeds-30gm/p/90673,"https://cdn.mafrservices.com/sys-master-root/ha2/h81/13078231318558/90673_main.jpg?im=Resize=(300,300)",Food Cupboard,"Nuts, Dates & Dried Fruits",116 - Fruit and Nuts,2026-06-26
carrefour,11652,Seeds,309307,309307,Master Sunflower Seeds 55GR,Master Sunflower Seeds 55GR,,55G,,,True,inStock,,0.4133,0.4133,https://www.carrefourlebanon.com/maflbn/en/nuts/master-sunflower-seeds-55gm/p/309307,"https://cdn.mafrservices.com/pim-content/LBN/media/product/309307/1775202000/309307_main.jpg?im=Resize=(300,300)",Food Cupboard,"Nuts, Dates & Dried Fruits",116 - Fruit and Nuts,2026-06-26
carrefour,11656,Mixed nuts,401426,401426,Halabi Super Extra Mixed Nuts 400GR,Halabi Super Extra Mixed Nuts 400GR,,400G,,,True,inStock,,5.7861,5.7861,https://www.carrefourlebanon.com/maflbn/en/mixed-nuts/halabi-super-extra-400g/p/401426,"https://cdn.mafrservices.com/pim-content/LBN/media/product/401426/1718970004/401426_main.jpg?im=Resize=(300,300)",Food Cupboard,"Nuts, Dates & Dried Fruits",116 - Fruit and Nuts,2026-06-26
carrefour,11656,Mixed nuts,1242,1242,Al Kazzi Nuts Super Extra 400GR,Al Kazzi Nuts Super Extra 400GR,,400G,,,True,inStock,,6.1477,6.1477,https://www.carrefourlebanon.com/maflbn/en/mixed-nuts/al-kazzi-super-extra-400gm/p/1242,"https://cdn.mafrservices.com/pim-content/LBN/media/product/1242/1747922403/1242_main.jpg?im=Resize=(300,300)",Food Cupboard,"Nuts, Dates & Dried Fruits",116 - Fruit and Nuts,2026-06-26
carrefour,11657,cashew,244648,244648,Al Rifai Cashew Salted 30GR,Al Rifai Cashew Salted 30GR,,30G,,,True,inStock,,0.8473,0.8473,https://www.carrefourlebanon.com/maflbn/en/cashew/al-rifai-cashew-30g/p/244648,"https://cdn.mafrservices.com/pim-content/LBN/media/product/244648/1747987203/244648_main.jpg?im=Resize=(300,300)",Food Cupboard,"Nuts, Dates & Dried Fruits",116 - Fruit and Nuts,2026-06-26
carrefour,11701,Green beans,520366,520366,Green Bean,Green Bean,,,,,True,lowStock,,1.8994,1.8994,https://www.carrefourlebanon.com/maflbn/en/beans-peas/green-bean-/p/520366,"https://cdn.mafrservices.com/pim-content/LBN/media/product/520366/1772120400/520366_main.jpg?im=Resize=(300,300)",Fruits & Vegetables,Vegetables,117 - Vegetables,2026-06-26
carrefour,11704,Okra,32330,32330,Plein Soleil Okra 900GR,Plein Soleil Okra 900GR,,900G,,,True,inStock,,6.1374,6.1374,https://www.carrefourlebanon.com/maflbn/en/okra/plein-soleil-okra-900g/p/32330,"https://cdn.mafrservices.com/pim-content/LBN/media/product/32330/1739290803/32330_main.jpg?im=Resize=(300,300)",Frozen Food,Frozen Fruits & Vegetables,117 - Vegetables,2026-06-26
carrefour,11705,"Black  Eggplant, local",520457,520457,Eggplant Long,Eggplant Long,,,,,True,inStock,,0.81,0.81,https://www.carrefourlebanon.com/maflbn/en/eggplant/eggplant-long-/p/520457,"https://cdn.mafrservices.com/pim-content/LBN/media/product/520457/1772120400/520457_main.jpg?im=Resize=(300,300)",Fruits & Vegetables,Vegetables,117 - Vegetables,2026-06-26
carrefour,11707,Marrow,71026,71026,Zucchini,Zucchini,,,,,True,inStock,,0.5586,0.5586,https://www.carrefourlebanon.com/maflbn/en/zucchini/zuchini/p/71026,"https://cdn.mafrservices.com/sys-master-root/hb6/hda/13993346301982/71026_main.jpg?im=Resize=(300,300)",Fruits & Vegetables,Vegetables,117 - Vegetables,2026-06-26
carrefour,11709,Cucumber,9304,9304,Cucumber,Cucumber,,,,,True,inStock,,0.3351,0.2122,https://www.carrefourlebanon.com/maflbn/en/cucumber/cucumber/p/9304,"https://cdn.mafrservices.com/sys-master-root/h5d/h6e/48502201745438/9304_main.jpg?im=Resize=(300,300)",Fruits & Vegetables,Vegetables,117 - Vegetables,2026-06-26
carrefour,11714,"Tomato , local",520425,520425,Tomato Mountain,Tomato Mountain,,,,,True,inStock,,1.7597,1.7597,https://www.carrefourlebanon.com/maflbn/en/tomato/tomato-mountain-/p/520425,"https://cdn.mafrservices.com/pim-content/LBN/media/product/520425/1772120400/520425_main.jpg?im=Resize=(300,300)",Fruits & Vegetables,Vegetables,117 - Vegetables,2026-06-26
carrefour,11719,Lettuce,9241,9241,Romaine Lettuce,Romaine Lettuce,,,,,True,inStock,,1.3965,1.3965,https://www.carrefourlebanon.com/maflbn/en/salads/lettuce-romaine/p/9241,"https://cdn.mafrservices.com/sys-master-root/h05/he1/9892035199006/9241_main.jpg?im=Resize=(300,300)",Fruits & Vegetables,Vegetables,117 - Vegetables,2026-06-26
carrefour,11733,"Ball onions , local",394631,394631,Onion Brown,Onion Brown,,,,,True,inStock,,0.2513,0.2513,https://www.carrefourlebanon.com/maflbn/en/onion-shalots/onion-brown/p/394631,"https://cdn.mafrservices.com/pim-content/LBN/media/product/394631/394631_main.jpg?im=Resize=(300,300)",Fruits & Vegetables,Vegetables,117 - Vegetables,2026-06-26
carrefour,11735,Garlic,10321,10321,Garlic Loose,Garlic Loose,,,,,True,inStock,,0.7709,0.7709,https://www.carrefourlebanon.com/maflbn/en/garlic-ginger/garlic-loose/p/10321,"https://cdn.mafrservices.com/sys-master-root/h9f/hd0/33219440541726/10321_main.jpg?im=Resize=(300,300)",Fruits & Vegetables,Vegetables,117 - Vegetables,2026-06-26
carrefour,11740,Lentils,37038,37038,Aoun Wide Lentils 900GR,Aoun Wide Lentils 900GR,,900G,,,True,inStock,,2.3853,2.3853,https://www.carrefourlebanon.com/maflbn/en/lentils/aoun-wide-lentils-900g/p/37038,"https://cdn.mafrservices.com/sys-master-root/h7d/h88/27198531010590/37038_main.jpg?im=Resize=(300,300)",Food Cupboard,"Rice, Pasta & Pulses",117 - Vegetables,2026-06-26
carrefour,11740,Lentils,373528,373528,Deroni Whole Lentils 900GR,Deroni Whole Lentils 900GR,,900G,,,True,inStock,,1.9012,1.9012,https://www.carrefourlebanon.com/maflbn/en/lentils/deroni-bp-whole-lentils-900gr/p/373528,"https://cdn.mafrservices.com/sys-master-root/h4c/hdd/49363722567710/373528_main.jpg?im=Resize=(300,300)",Food Cupboard,"Rice, Pasta & Pulses",117 - Vegetables,2026-06-26
carrefour,11740,Lentils,385751,385751,Terrador Green Lentille Large 900GR,Terrador Green Lentille Large 900GR,,900G,,,True,inStock,,2.8517,2.8517,https://www.carrefourlebanon.com/maflbn/en/lentils/terrador-green-lentille-large-900g/p/385751,"https://cdn.mafrservices.com/sys-master-root/hc4/hd0/26904674992158/385751_main.jpg?im=Resize=(300,300)",Food Cupboard,"Rice, Pasta & Pulses",117 - Vegetables,2026-06-26
carrefour,11756,"Horsebeans, canned",55078,55078,Cortas Fava Beans 400GR,Cortas Fava Beans 400GR,,400G,,,True,inStock,,0.8782,0.8782,https://www.carrefourlebanon.com/maflbn/en/foul-medamas-broad-beans/cortas-fava-beans-400gr/p/55078,"https://cdn.mafrservices.com/sys-master-root/h97/hf8/10797630816286/55078_main.jpg?im=Resize=(300,300)",Food Cupboard,"Tins, Jars & Packets",117 - Vegetables,2026-06-26
carrefour,11757,"Tomato paste, local",300253,300253,Puidor Tomato Paste 1.25KG,Puidor Tomato Paste 1.25KG,,1.25KG,,,True,inStock,,4.9595,4.9595,https://www.carrefourlebanon.com/maflbn/en/tomato-paste/puidor-tomato-paste-1-25kg/p/300253,"https://cdn.mafrservices.com/sys-master-root/he0/hdf/34072612470814/300253_main.jpg?im=Resize=(300,300)",Food Cupboard,Cooking Ingredients,117 - Vegetables,2026-06-26
carrefour,11757,"Tomato paste, local",70118,70118,Yamama Tomato Paste 660GR,Yamama Tomato Paste 660GR,,660G,,,True,inStock,,2.6244,2.6244,https://www.carrefourlebanon.com/maflbn/en/tomato-paste/yamama-tomato-paste-660g/p/70118,"https://cdn.mafrservices.com/sys-master-root/h50/h21/10775226482718/70118_main.jpg?im=Resize=(300,300)",Food Cupboard,Cooking Ingredients,117 - Vegetables,2026-06-26
carrefour,11777,Frozen potato Chips,208839,208839,Plein Soleil French Fries 900GR,Plein Soleil French Fries 900GR,,900G,,,True,inStock,,3.1514,2.2951,https://www.carrefourlebanon.com/maflbn/en/french-fries/plein-soleil-french-fries-900g/p/208839,"https://cdn.mafrservices.com/pim-content/LBN/media/product/208839/1739303403/208839_main.jpg?im=Resize=(300,300)",Frozen Food,Ready Meals & Appetizers,117 - Vegetables,2026-06-26
carrefour,11777,Frozen potato Chips,403,403,Dolly's All Natural Frozen French Fries 900GR,Dolly's All Natural Frozen French Fries 900GR,,900G,,,True,inStock,,3.048,2.2049,https://www.carrefourlebanon.com/maflbn/en/french-fries/dolly-s-frozen-french-fries-900gr/p/403,"https://cdn.mafrservices.com/sys-master-root/h3f/h65/62249958244382/403_main.jpg?im=Resize=(300,300)",Frozen Food,Ready Meals & Appetizers,117 - Vegetables,2026-06-26
carrefour,11777,Frozen potato Chips,39731,39731,Al Wadi Al Akhdar Frozen French Fries 2KG,Al Wadi Al Akhdar Frozen French Fries 2KG,,2KG,,,True,lowStock,,7.4909,7.4909,https://www.carrefourlebanon.com/maflbn/en/french-fries/wadi-frz-french-fries-2kg/p/39731,"https://cdn.mafrservices.com/sys-master-root/h03/h0f/16764386869278/39731_main.jpg?im=Resize=(300,300)",Frozen Food,Ready Meals & Appetizers,117 - Vegetables,2026-06-26
carrefour,11791,Carrots,520447,520447,Carrot Local,Carrot Local,,,,,True,inStock,,0.8659,0.8659,https://www.carrefourlebanon.com/maflbn/en/carrot/carrot-local-/p/520447,"https://cdn.mafrservices.com/pim-content/LBN/media/product/520447/1772120400/520447_main.jpg?im=Resize=(300,300)",Fruits & Vegetables,Vegetables,117 - Vegetables,2026-06-26
carrefour,11801,Coarse sugar,206903,206903,Deroni White Sugar 5KG,Deroni White Sugar 5KG,,5KG,,,True,inStock,,4.5101,4.5101,https://www.carrefourlebanon.com/maflbn/en/white-sugar/deroni-sugar-5kg/p/206903,"https://cdn.mafrservices.com/sys-master-root/h05/h80/27343067676702/206903_main.jpg?im=Resize=(300,300)",Food Cupboard,Sugar & Home Baking,"118 - Sugar, Jam, Honey & Confectionery",2026-06-26
carrefour,11801,Coarse sugar,37190,37190,Aoun White Sugar 900GR,Aoun White Sugar 900GR,,900G,,,True,inStock,,1.1159,1.1159,https://www.carrefourlebanon.com/maflbn/en/white-sugar/aoun-white-sugar-900gm/p/37190,"https://cdn.mafrservices.com/sys-master-root/hf6/h9f/10797631307806/37190_main.jpg?im=Resize=(300,300)",Food Cupboard,Sugar & Home Baking,"118 - Sugar, Jam, Honey & Confectionery",2026-06-26
carrefour,11801,Coarse sugar,68535,68535,Zain White Sugar 5KG,Zain White Sugar 5KG,,5KG,,,True,inStock,,4.8562,4.8562,https://www.carrefourlebanon.com/maflbn/en/white-sugar/zain-white-sugar-5kg/p/68535,"https://cdn.mafrservices.com/pim-content/LBN/media/product/68535/1775633400/68535_main.jpg?im=Resize=(300,300)",Food Cupboard,Sugar & Home Baking,"118 - Sugar, Jam, Honey & Confectionery",2026-06-26
carrefour,11802,Soft sugar,37022,37022,Aoun Sugar Powder 500GR,Aoun Sugar Powder 500GR,,500G,,,True,inStock,,0.7749,0.7749,https://www.carrefourlebanon.com/maflbn/en/white-sugar/aoun-powder-sugar-500g/p/37022,"https://cdn.mafrservices.com/sys-master-root/h03/h15/9734028132382/37022_main.jpg?im=Resize=(300,300)",Food Cupboard,Sugar & Home Baking,"118 - Sugar, Jam, Honey & Confectionery",2026-06-26
carrefour,11802,Soft sugar,392282,392282,Zain Powder White Sugar 400g,Zain Powder White Sugar 400g,,400G,,,True,lowStock,,0.8163,0.8163,https://www.carrefourlebanon.com/maflbn/en/white-sugar/zain-white-sugar-powder-400g/p/392282,"https://cdn.mafrservices.com/sys-master-root/h80/h90/34030696595486/392282_main.jpg?im=Resize=(300,300)",Food Cupboard,Sugar & Home Baking,"118 - Sugar, Jam, Honey & Confectionery",2026-06-26
carrefour,11802,Soft sugar,478102,478102,Daabool Powder Fine White Sugar 500GR,Daabool Powder Fine White Sugar 500GR,,500G,,,True,inStock,,0.9299,0.9299,https://www.carrefourlebanon.com/maflbn/en/white-sugar/daabool-powdr-fine-white-sugar-500g/p/478102,"https://cdn.mafrservices.com/pim-content/LBN/media/product/478102/1742821203/478102_main.jpg?im=Resize=(300,300)",Food Cupboard,Sugar & Home Baking,"118 - Sugar, Jam, Honey & Confectionery",2026-06-26
carrefour,11807,"Jam , local",6834,6834,Carrefour Apricot Jam 370GR,Carrefour Apricot Jam 370GR,,370G,,,True,lowStock,,4.5979,4.5979,https://www.carrefourlebanon.com/maflbn/en/apricot-jam/crf-confitur-abric-370g/p/6834,"https://cdn.mafrservices.com/sys-master-root/h15/h3d/33626435649566/6834_main.jpg?im=Resize=(300,300)",Food Cupboard,"Jams, Honey & Spreads","118 - Sugar, Jam, Honey & Confectionery",2026-06-26
carrefour,11807,"Jam , local",55090,55090,Cortas Jam Apricot 370Gr,Cortas Jam Apricot 370Gr,,370G,,,True,inStock,,3.0997,3.0997,https://www.carrefourlebanon.com/maflbn/en/apricot-jam/cortas-apricot-jam-370g/p/55090,"https://cdn.mafrservices.com/sys-master-root/hc8/h93/28489631793182/55090_main.jpg?im=Resize=(300,300)",Food Cupboard,"Jams, Honey & Spreads","118 - Sugar, Jam, Honey & Confectionery",2026-06-26
carrefour,11807,"Jam , local",72613,72613,Gardenia Jam Apricot 330GR,Gardenia Jam Apricot 330GR,,330G,,,True,inStock,,3.2547,3.2547,https://www.carrefourlebanon.com/maflbn/en/fruity-jam/apricot-jam-330g/p/72613,"https://cdn.mafrservices.com/sys-master-root/hd4/h60/27876034904094/72613_main.jpg?im=Resize=(300,300)",Food Cupboard,"Jams, Honey & Spreads","118 - Sugar, Jam, Honey & Confectionery",2026-06-26
carrefour,11809,"Halwah tahinia, local",37233,37233,Aoun Halawa Plain 454GR,Aoun Halawa Plain 454GR,,454G,,,True,lowStock,,3.265,3.265,https://www.carrefourlebanon.com/maflbn/en/hallawa/aoun-halawa-plain-454g/p/37233,"https://cdn.mafrservices.com/sys-master-root/ha8/hf0/28288310902814/37233_main.jpg?im=Resize=(300,300)",Food Cupboard,"Jams, Honey & Spreads","118 - Sugar, Jam, Honey & Confectionery",2026-06-26
carrefour,11809,"Halwah tahinia, local",396927,396927,Mechaalany Halawa Plain 454GR,Mechaalany Halawa Plain 454GR,,454G,,,True,inStock,,6.0857,6.0857,https://www.carrefourlebanon.com/maflbn/en/hallawa/mechaalany-halawa-plain-454g/p/396927,"https://cdn.mafrservices.com/sys-master-root/h89/h5e/34746897891358/396927_main.jpg?im=Resize=(300,300)",Food Cupboard,"Jams, Honey & Spreads","118 - Sugar, Jam, Honey & Confectionery",2026-06-26
carrefour,11809,"Halwah tahinia, local",287033,287033,Al Kanater Halawa Plain 450GR,Al Kanater Halawa Plain 450GR,,450G,,,True,lowStock,,2.9447,2.9447,https://www.carrefourlebanon.com/maflbn/en/hallawa/al-kanater-halawa-plain-450gr/p/287033,"https://cdn.mafrservices.com/sys-master-root/h79/h60/9039026126878/287033_main.jpg?im=Resize=(300,300)",Food Cupboard,"Jams, Honey & Spreads","118 - Sugar, Jam, Honey & Confectionery",2026-06-26
carrefour,11812,"Chocolate bars, local",140868,140868,Gandour Tutti Frutti Raspberry Chocolate 29g,Gandour Tutti Frutti Raspberry Chocolate 29g,,29G,,,True,inStock,,0.7233,0.7233,https://www.carrefourlebanon.com/maflbn/en/snacking-chocolates/gandour-tutti-frutti-29gr/p/140868,"https://cdn.mafrservices.com/sys-master-root/h37/h0b/48925584916510/140868_main.jpg?im=Resize=(300,300)",Food Cupboard,Chocolate & Confectionery,"118 - Sugar, Jam, Honey & Confectionery",2026-06-26
carrefour,11812,"Chocolate bars, local",230208,230208,Gandour Unica  18GR,Gandour Unica  18GR,,18G,,,True,inStock,,0.2376,0.2376,https://www.carrefourlebanon.com/maflbn/en/wafers/gandour-unica-pouch-18g/p/230208,"https://cdn.mafrservices.com/sys-master-root/hba/h21/17365684060190/230208_main.jpg?im=Resize=(300,300)",Food Cupboard,"Biscuits, Crackers & Cakes","118 - Sugar, Jam, Honey & Confectionery",2026-06-26
carrefour,11812,"Chocolate bars, local",441354,441354,Unica Max Chocolate Wafer 45GR,Unica Max Chocolate Wafer 45GR,,45G,,,True,inStock,,0.6199,0.6199,https://www.carrefourlebanon.com/maflbn/en/wafers/unica-max-45g/p/441354,"https://cdn.mafrservices.com/sys-master-root/h24/hc7/62130061836318/441354_main.jpg?im=Resize=(300,300)",Food Cupboard,"Biscuits, Crackers & Cakes","118 - Sugar, Jam, Honey & Confectionery",2026-06-26
carrefour,11813,"Chocolate bars, imported",38954,38954,Mars Bar 51G,Mars Bar 51G,,51G,,,True,inStock,,1.0022,1.0022,https://www.carrefourlebanon.com/maflbn/en/snacking-chocolates/mars-bar-40g/p/38954,"https://cdn.mafrservices.com/sys-master-root/h9b/h41/26514141839390/38954_main.jpg?im=Resize=(300,300)",Food Cupboard,Chocolate & Confectionery,"118 - Sugar, Jam, Honey & Confectionery",2026-06-26
carrefour,11813,"Chocolate bars, imported",140990,140990,Twix Chocolate 25g,Twix Chocolate 25g,,25G,,,True,inStock,,0.5786,0.5786,https://www.carrefourlebanon.com/maflbn/en/snacking-chocolates/twix-23g/p/140990,"https://cdn.mafrservices.com/sys-master-root/h04/h8b/48955668267038/140990_main.jpg?im=Resize=(300,300)",Food Cupboard,Chocolate & Confectionery,"118 - Sugar, Jam, Honey & Confectionery",2026-06-26
carrefour,11813,"Chocolate bars, imported",434970,434970,Snickers Chocolate Bar 45GR,Snickers Chocolate Bar 45GR,,45G,,,True,inStock,,1.0332,1.0332,https://www.carrefourlebanon.com/maflbn/en/snacking-chocolates/snickers-40g/p/434970,"https://cdn.mafrservices.com/sys-master-root/h86/h2a/52483303800862/434970_main.jpg?im=Resize=(300,300)",Food Cupboard,Chocolate & Confectionery,"118 - Sugar, Jam, Honey & Confectionery",2026-06-26
carrefour,11813,"Chocolate bars, imported",84442,84442,Bounty Chocolate Bar 57GR,Bounty Chocolate Bar 57GR,,57G,,,True,inStock,,1.0022,1.0022,https://www.carrefourlebanon.com/maflbn/en/snacking-chocolates/bounty-bar-50g/p/84442,"https://cdn.mafrservices.com/sys-master-root/ha3/hf5/9067804819486/84442_main.jpg?im=Resize=(300,300)",Food Cupboard,Chocolate & Confectionery,"118 - Sugar, Jam, Honey & Confectionery",2026-06-26
carrefour,11814,"Chocolate ,Childrens Sweets",69263,69263,Kinder Barettes Chocolate 4 Bars 50GR,Kinder Barettes Chocolate 4 Bars 50GR,,50G,,,True,inStock,,1.1366,1.1366,https://www.carrefourlebanon.com/maflbn/en/snacking-chocolates/kinder-t4-chocolate-50gr/p/69263,"https://cdn.mafrservices.com/sys-master-root/h4e/had/9039001092126/69263_main.jpg?im=Resize=(300,300)",Food Cupboard,Chocolate & Confectionery,"118 - Sugar, Jam, Honey & Confectionery",2026-06-26
carrefour,11819,Local honey,88980,88980,Kaddoum Mountain Honey 250GR,Kaddoum Mountain Honey 250GR,,250G,,,True,lowStock,,9.2474,9.2474,https://www.carrefourlebanon.com/maflbn/en/black-honey/kaddoum-mountains-honey-250g/p/88980,"https://cdn.mafrservices.com/sys-master-root/h1b/hfc/9174677291038/88980_main.jpg?im=Resize=(300,300)",Food Cupboard,"Jams, Honey & Spreads","118 - Sugar, Jam, Honey & Confectionery",2026-06-26
carrefour,11819,Local honey,347515,347515,Bee Honey 500GR,Bee Honey 500GR,,500G,,,True,inStock,,8.0489,8.0489,https://www.carrefourlebanon.com/maflbn/en/black-honey/bee-flower-honey-500g/p/347515,"https://cdn.mafrservices.com/sys-master-root/h3b/h30/26751753224222/347515_main.jpg?im=Resize=(300,300)",Food Cupboard,"Jams, Honey & Spreads","118 - Sugar, Jam, Honey & Confectionery",2026-06-26
carrefour,11819,Local honey,357944,357944,Jabal Sheikh Natural Honey 225GR,Jabal Sheikh Natural Honey 225GR,,225G,,,True,lowStock,,4.3292,4.3292,https://www.carrefourlebanon.com/maflbn/en/natural-honey/jabal-sheikh-natural-honey-225gm/p/357944,"https://cdn.mafrservices.com/pim-content/LBN/media/product/357944/1721223003/357944_main.jpg?im=Resize=(300,300)",Food Cupboard,"Jams, Honey & Spreads","118 - Sugar, Jam, Honey & Confectionery",2026-06-26
carrefour,11820,Imported honey,47659,47659,Langnese Golden Clear Pure Bee Honey 375GR,Langnese Golden Clear Pure Bee Honey 375GR,,375G,,,True,inStock,,10.012,10.012,https://www.carrefourlebanon.com/maflbn/en/black-honey/langnese-miel-d-abeille-375g/p/47659,"https://cdn.mafrservices.com/sys-master-root/h57/h37/9046233743390/47659_main.jpg?im=Resize=(300,300)",Food Cupboard,"Jams, Honey & Spreads","118 - Sugar, Jam, Honey & Confectionery",2026-06-26
carrefour,11823,Ice Cream All Types,52710,52710,Haagen Dazs  Ice Cream Macadamia Nut Brittle 100ML,Haagen Dazs  Ice Cream Macadamia Nut Brittle 100ML,,100ML,,,True,inStock,,1.7339,1.7339,https://www.carrefourlebanon.com/maflbn/en/individual-box/haagen-dazs-macadamia-minicup-100ml/p/52710,"https://cdn.mafrservices.com/sys-master-root/h12/hf6/9334314991646/52710_main.jpg?im=Resize=(300,300)",Ice Cream & Desserts,"Ice-cream Cones, Bars & Lollies","118 - Sugar, Jam, Honey & Confectionery",2026-06-26
carrefour,11826,Potates chips,55372,55372,Master Chips Salt 34GR,Master Chips Salt 34GR,,34G,,,True,inStock,,0.2376,0.2376,https://www.carrefourlebanon.com/maflbn/en/chips/master-chips-salt-34gm/p/55372,"https://cdn.mafrservices.com/sys-master-root/h66/h98/27305465184286/55372_main.jpg?im=Resize=(300,300)",Food Cupboard,"Chips, Dips & Snacks","118 - Sugar, Jam, Honey & Confectionery",2026-06-26
carrefour,11826,Potates chips,458831,458831,Sima Chips Salt 100GR,Sima Chips Salt 100GR,,100G,,,True,inStock,,0.5683,0.5683,https://www.carrefourlebanon.com/maflbn/en/chips/sima-chips-salt-100g/p/458831,"https://cdn.mafrservices.com/pim-content/LBN/media/product/458831/1725970204/458831_main.jpg?im=Resize=(300,300)",Food Cupboard,"Chips, Dips & Snacks","118 - Sugar, Jam, Honey & Confectionery",2026-06-26
carrefour,11902,Soft salt,119623,119623,Magic Chef Iodized Salt 500GR,Magic Chef Iodized Salt 500GR,,500G,,,True,inStock,,0.5166,0.5166,https://www.carrefourlebanon.com/maflbn/en/salt/magic-chef-iodized-salt-500g/p/119623,"https://cdn.mafrservices.com/pim-content/LBN/media/product/119623/1738132203/119623_main.jpg?im=Resize=(300,300)",Food Cupboard,Cooking Ingredients,119 - Food Products n.e.c.,2026-06-26
carrefour,11902,Soft salt,72392,72392,Gardenia Grain DOr Iodized Fine Salt 907GR,Gardenia Grain DOr Iodized Fine Salt 907GR,,907G,,,True,inStock,,0.4649,0.4649,https://www.carrefourlebanon.com/maflbn/en/salt/gardenia-iodized-salt-907g/p/72392,"https://cdn.mafrservices.com/sys-master-root/h8b/h75/9189061951518/72392_main.jpg?im=Resize=(300,300)",Food Cupboard,Cooking Ingredients,119 - Food Products n.e.c.,2026-06-26
carrefour,11902,Soft salt,386375,386375,Terrador Salt 1KG,Terrador Salt 1KG,,1KG,,,True,inStock,,0.279,0.279,https://www.carrefourlebanon.com/maflbn/en/salt/terrador-salt-1kg/p/386375,"https://cdn.mafrservices.com/sys-master-root/h36/h09/27288595693598/386375_main.jpg?im=Resize=(300,300)",Food Cupboard,Cooking Ingredients,119 - Food Products n.e.c.,2026-06-26
carrefour,11903,"Cardamom, american",421687,421687,AFIA CARDAMOM 80G,AFIA CARDAMOM 80G,,80G,,,True,lowStock,,11.6342,11.6342,https://www.carrefourlebanon.com/maflbn/en/black-pepper/afia-cardamom-80g/p/421687,"https://cdn.mafrservices.com/sys-master-root/h28/h5f/50270956486686/421687_main.jpg?im=Resize=(300,300)",Food Cupboard,Cooking Ingredients,119 - Food Products n.e.c.,2026-06-26
carrefour,11905,Mixed spices,37102,37102,Aoun Seven Spices 50GR,Aoun Seven Spices 50GR,,50G,,,True,inStock,,1.1469,1.1469,https://www.carrefourlebanon.com/maflbn/en/spices/aoun-seven-spices-50g/p/37102,"https://cdn.mafrservices.com/sys-master-root/h82/hf3/10166100131870/37102_main.jpg?im=Resize=(300,300)",Food Cupboard,Cooking Ingredients,119 - Food Products n.e.c.,2026-06-26
carrefour,11905,Mixed spices,461304,461304,Karam El Wadi Seven Spices 40GR,Karam El Wadi Seven Spices 40GR,,40G,,,True,inStock,,0.9299,0.9299,https://www.carrefourlebanon.com/maflbn/en/spices/lp-karam-el-wadi-seven-spices-40g/p/461304,"https://cdn.mafrservices.com/pim-content/LBN/media/product/461304/1729258204/461304_main.jpg?im=Resize=(300,300)",Food Cupboard,Cooking Ingredients,119 - Food Products n.e.c.,2026-06-26
carrefour,11906,Ginger,187990,187990,Adonis Ground Ginger 50g,Adonis Ground Ginger 50g,,50G,,,True,lowStock,,1.3742,1.3742,https://www.carrefourlebanon.com/maflbn/en/masala-and-mix/adonis-ginger-ground-bag-50g/p/187990,"https://cdn.mafrservices.com/sys-master-root/h26/h08/34230254993438/187990_main.jpg?im=Resize=(300,300)",Food Cupboard,Cooking Ingredients,119 - Food Products n.e.c.,2026-06-26
carrefour,11908,Saffron,470015,470015,Afia  Saffron 1GR,Afia  Saffron 1GR,,1G,,,True,inStock,,6.5404,6.5404,https://www.carrefourlebanon.com/maflbn/en/spices/afia-saffron-1g/p/470015,"https://cdn.mafrservices.com/pim-content/LBN/media/product/470015/1735311603/470015_main.jpg?im=Resize=(300,300)",Food Cupboard,Cooking Ingredients,119 - Food Products n.e.c.,2026-06-26
carrefour,11911,black pepper,461305,461305,Karam El Wadi Black Pepper Ground 40GR,Karam El Wadi Black Pepper Ground 40GR,,40G,,,True,inStock,,0.8782,0.8782,https://www.carrefourlebanon.com/maflbn/en/black-pepper/lp-karam-el-wadi-black-pepper-40g/p/461305,"https://cdn.mafrservices.com/pim-content/LBN/media/product/461305/1749130203/461305_main.jpg?im=Resize=(300,300)",Food Cupboard,Cooking Ingredients,119 - Food Products n.e.c.,2026-06-26
carrefour,11911,black pepper,421686,421686,AFIA BLACK PEPPER WHOLE 100G,AFIA BLACK PEPPER WHOLE 100G,,100G,,,True,lowStock,,3.0687,3.0687,https://www.carrefourlebanon.com/maflbn/en/black-pepper/afia-black-pepper-whole-100g/p/421686,"https://cdn.mafrservices.com/sys-master-root/h57/h58/50270956683294/421686_main.jpg?im=Resize=(300,300)",Food Cupboard,Cooking Ingredients,119 - Food Products n.e.c.,2026-06-26
carrefour,11911,black pepper,72538,72538,Gardenia Grain DOr Ground Black Pepper 50GR,Gardenia Grain DOr Ground Black Pepper 50GR,,50G,,,True,inStock,,1.4982,1.4982,https://www.carrefourlebanon.com/maflbn/en/spices/gardenia-black-pepper-ground-20g/p/72538,"https://cdn.mafrservices.com/sys-master-root/h46/h46/9189063262238/72538_main.jpg?im=Resize=(300,300)",Food Cupboard,Cooking Ingredients,119 - Food Products n.e.c.,2026-06-26
carrefour,11916,Tahini liquid,287030,287030,Al Kanater Tahini Jars 900GRr,Al Kanater Tahini Jars 900GRr,,,,,True,inStock,,5.9617,5.9617,https://www.carrefourlebanon.com/maflbn/en/tahina/al-kanater-tahini-jars-900gr/p/287030,"https://cdn.mafrservices.com/sys-master-root/h9e/h03/9777255481374/287030_main.jpg?im=Resize=(300,300)",Food Cupboard,"Condiments, Dressings & Marinades",119 - Food Products n.e.c.,2026-06-26
carrefour,11916,Tahini liquid,447755,447755,Chtaura Tahini 900GR,Chtaura Tahini 900GR,,900G,,,True,inStock,,7.0363,7.0363,https://www.carrefourlebanon.com/maflbn/en/tahina/c-chtaura-tahini-900g/p/447755,"https://cdn.mafrservices.com/pim-content/LBN/media/product/447755/447755_main.jpg?im=Resize=(300,300)",Food Cupboard,"Condiments, Dressings & Marinades",119 - Food Products n.e.c.,2026-06-26
carrefour,11933,Mayonnaise,52681,52681,Plein Soleil Mayonnaise 500ML,Plein Soleil Mayonnaise 500ML,,500ML,,,True,inStock,,3.8185,3.8185,https://www.carrefourlebanon.com/maflbn/en/mayonnaise/plein-soleil-mayonnaise-500ml/p/52681,"https://cdn.mafrservices.com/pim-content/LBN/media/product/52681/1739256004/52681_main.jpg?im=Resize=(300,300)",Food Cupboard,"Condiments, Dressings & Marinades",119 - Food Products n.e.c.,2026-06-26
carrefour,11933,Mayonnaise,56398,56398,Dolly's Mayonnaise 500GR,Dolly's Mayonnaise 500GR,,500G,,,True,inStock,,3.3063,3.3063,https://www.carrefourlebanon.com/maflbn/en/mayonnaise/dolly-s-mayonnaise-500g/p/56398,"https://cdn.mafrservices.com/sys-master-root/hd4/h12/17285803900958/56398_main.jpg?im=Resize=(300,300)",Food Cupboard,"Condiments, Dressings & Marinades",119 - Food Products n.e.c.,2026-06-26
carrefour,11933,Mayonnaise,36019,36019,Mazola Mayonnaise 500Ml,Mazola Mayonnaise 500Ml,,500ML,,,True,inStock,,4.3292,4.3292,https://www.carrefourlebanon.com/maflbn/en/mayonnaise/mazola-mayonnaise-500ml/p/36019,"https://cdn.mafrservices.com/sys-master-root/hda/hb7/9038506754078/36019_main.jpg?im=Resize=(300,300)",Food Cupboard,"Condiments, Dressings & Marinades",119 - Food Products n.e.c.,2026-06-26
carrefour,11934,Ketchup,448386,448386,Plein Soleil Ketchup 810GR,Plein Soleil Ketchup 810GR,,810G,,,True,inStock,,2.6554,2.6554,https://www.carrefourlebanon.com/maflbn/en/ketchup/plein-soleil-tomato-ketchup-sq-810g/p/448386,"https://cdn.mafrservices.com/pim-content/LBN/media/product/448386/1739270403/448386_main.jpg?im=Resize=(300,300)",Food Cupboard,"Condiments, Dressings & Marinades",119 - Food Products n.e.c.,2026-06-26
carrefour,11934,Ketchup,56389,56389,Dolly's Ketchup 900GR,Dolly's Ketchup 900GR,,900G,,,True,inStock,,2.8965,2.8965,https://www.carrefourlebanon.com/maflbn/en/ketchup/dolly-s-ketchup-sq-900g/p/56389,"https://cdn.mafrservices.com/sys-master-root/h6a/h6a/62249968238622/56389_main.jpg?im=Resize=(300,300)",Food Cupboard,"Condiments, Dressings & Marinades",119 - Food Products n.e.c.,2026-06-26
carrefour,11935,Chili,210368,210368,Benina Chili Sauce 160GR,Benina Chili Sauce 160GR,,160G,,,True,inStock,,1.5498,1.5498,https://www.carrefourlebanon.com/maflbn/en/hot-sauces/benina-chili-sauce-160gr/p/210368,"https://cdn.mafrservices.com/sys-master-root/hf3/h4d/11338407608350/210368_main.jpg?im=Resize=(300,300)",Food Cupboard,"Condiments, Dressings & Marinades",119 - Food Products n.e.c.,2026-06-26
carrefour,11935,Chili,511306,511306,Maggi Chili Sauce 340GR,Maggi Chili Sauce 340GR,,340G,,,True,inStock,,3.6783,3.6783,https://www.carrefourlebanon.com/maflbn/en/hot-sauces/maggi-chili-sauce-340g/p/511306,"https://cdn.mafrservices.com/pim-content/LBN/media/product/511306/1764918004/511306_main.jpg?im=Resize=(300,300)",Food Cupboard,"Condiments, Dressings & Marinades",119 - Food Products n.e.c.,2026-06-26
carrefour,11936,Chicken Soup,439141,439141,Maggi Chicken Noodle Soup 50GR 3+1 Free,Maggi Chicken Noodle Soup 50GR 3+1 Free,,50G,,,True,inStock,,1.4155,1.4155,https://www.carrefourlebanon.com/maflbn/en/desiccated-soups/maggi-cns-3-1x50g/p/439141,"https://cdn.mafrservices.com/sys-master-root/h27/hfd/61634669117470/439141_main.jpg?im=Resize=(300,300)",Food Cupboard,"Tins, Jars & Packets",119 - Food Products n.e.c.,2026-06-26
carrefour,11936,Chicken Soup,387865,387865,Plein Soleil Chicken Noodles Soup 60GR X12,Plein Soleil Chicken Noodles Soup 60GR X12,,60G,,,True,inStock,,6.7057,6.7057,https://www.carrefourlebanon.com/maflbn/en/liquid-soups/plein-soleil-chicken-no-soup-60gx12/p/387865,"https://cdn.mafrservices.com/pim-content/LBN/media/product/387865/1739256004/387865_main.jpg?im=Resize=(300,300)",Food Cupboard,"Tins, Jars & Packets",119 - Food Products n.e.c.,2026-06-26
carrefour,12101,"Tea (Bashen, Rabie, and Abu gabal)",69992,69992,Horse Head Loose Tea 700GR,Horse Head Loose Tea 700GR,,700G,,,True,inStock,,13.1427,13.1427,https://www.carrefourlebanon.com/maflbn/en/black-loose/horse-head-loose-tea-700gm/p/69992,"https://cdn.mafrservices.com/sys-master-root/h24/ha6/26514375770142/69992_main.jpg?im=Resize=(300,300)",Beverages,Tea,"121 - Coffee, Tea and Cocoa",2026-06-26
carrefour,12101,"Tea (Bashen, Rabie, and Abu gabal)",197453,197453,Al Wazzah Red Tea 370GR,Al Wazzah Red Tea 370GR,,370G,,,True,inStock,,6.9433,6.9433,https://www.carrefourlebanon.com/maflbn/en/black-loose/swan-tea-370gr/p/197453,"https://cdn.mafrservices.com/sys-master-root/hc5/hf7/12935506853918/197453_main.jpg?im=Resize=(300,300)",Beverages,Tea,"121 - Coffee, Tea and Cocoa",2026-06-26
carrefour,12102,Tea bags,20551,20551,Lipton Sunshine Yellow Label 100 Sachets,Lipton Sunshine Yellow Label 100 Sachets,,,,,True,lowStock,,3.0969,3.0969,https://www.carrefourlebanon.com/maflbn/en/black-bags/lipton-sunshine-100s/p/20551,"https://cdn.mafrservices.com/pim-content/LBN/media/product/20551/1770302400/20551_main.jpg?im=Resize=(300,300)",Beverages,Tea,"121 - Coffee, Tea and Cocoa",2026-06-26
carrefour,12102,Tea bags,69993,69993,Horse Head Tea 20 Sachets,Horse Head Tea 20 Sachets,,,,,True,inStock,,0.9712,0.9712,https://www.carrefourlebanon.com/maflbn/en/black-bags/horse-head-tea-20-tea-bags/p/69993,"https://cdn.mafrservices.com/sys-master-root/h13/h40/62060812238878/69993_main.jpg?im=Resize=(300,300)",Beverages,Tea,"121 - Coffee, Tea and Cocoa",2026-06-26
carrefour,12104,Green tea,20542,20542,Lipton Green Tea Mint 25 Sachets,Lipton Green Tea Mint 25 Sachets,,,,,True,inStock,,1.7668,1.7668,https://www.carrefourlebanon.com/maflbn/en/flavored-green-bag/lipton-clear-green-tea-mint-25-tb/p/20542,"https://cdn.mafrservices.com/pim-content/LBN/media/product/20542/1770313804/20542_main.jpg?im=Resize=(300,300)",Beverages,Tea,"121 - Coffee, Tea and Cocoa",2026-06-26
carrefour,12109,Roasted and ground coffee,397144,397144,Nescafe Original Instant Coffee 300g,Nescafe Original Instant Coffee 300g,,300G,,,True,lowStock,,20.8196,20.8196,https://www.carrefourlebanon.com/maflbn/en/regular-instant-coffee/nescafe-coffee-original-300g/p/397144,"https://cdn.mafrservices.com/sys-master-root/hb1/hb4/44848784146462/397144_main.jpg?im=Resize=(300,300)",Beverages,Coffee,"121 - Coffee, Tea and Cocoa",2026-06-26
carrefour,12109,Roasted and ground coffee,1318,1318,Tchibo Coffee Gold 50GR,Tchibo Coffee Gold 50GR,,50G,,,True,inStock,,4.6909,4.6909,https://www.carrefourlebanon.com/maflbn/en/premium-coffee/tchibo-gold-50g/p/1318,"https://cdn.mafrservices.com/sys-master-root/hc7/haf/34072344657950/1318_main.jpg?im=Resize=(300,300)",Beverages,Coffee,"121 - Coffee, Tea and Cocoa",2026-06-26
carrefour,12110,Turkish coffee,90498,90498,Cafe Najjar Star Cafe Coffee 400GR,Cafe Najjar Star Cafe Coffee 400GR,,400G,,,True,inStock,,6.7677,6.7677,https://www.carrefourlebanon.com/maflbn/en/capsules/cafe-najjar-star-cafe-400g/p/90498,"https://cdn.mafrservices.com/sys-master-root/h47/h66/50333968498718/90498_main.jpg?im=Resize=(300,300)",Beverages,Coffee,"121 - Coffee, Tea and Cocoa",2026-06-26
carrefour,12110,Turkish coffee,90484,90484,Cafe Najjar Carioca Cafe 400GR,Cafe Najjar Carioca Cafe 400GR,,400G,,,True,inStock,,7.0156,7.0156,https://www.carrefourlebanon.com/maflbn/en/capsules/cafe-najjar-carioca-cafe-400g/p/90484,"https://cdn.mafrservices.com/sys-master-root/h5b/h5b/9238869278750/90484_main.jpg?im=Resize=(300,300)",Beverages,Coffee,"121 - Coffee, Tea and Cocoa",2026-06-26
carrefour,12110,Turkish coffee,90491,90491,Cafe Najjar Classic 400GR,Cafe Najjar Classic 400GR,,400G,,,True,inStock,,7.2562,7.2562,https://www.carrefourlebanon.com/maflbn/en/capsules/cafe-najjar-classic-400g/p/90491,"https://cdn.mafrservices.com/sys-master-root/h10/h6b/9389013893150/90491_main.jpg?im=Resize=(300,300)",Beverages,Coffee,"121 - Coffee, Tea and Cocoa",2026-06-26
carrefour,12114,instant cappuccino,374944,374944,Nescafe Cappuccino Foamy 19.3GR,Nescafe Cappuccino Foamy 19.3GR,,19.3G,,,True,inStock,,0.341,0.341,https://www.carrefourlebanon.com/maflbn/en/cappuccino/nesc-cappuccino-foamy-19-3g/p/374944,"https://cdn.mafrservices.com/sys-master-root/hd5/hc6/14149115871262/374944_main.jpg?im=Resize=(300,300)",Beverages,Coffee,"121 - Coffee, Tea and Cocoa",2026-06-26
carrefour,12114,instant cappuccino,125115,125115,Torabika Cappuccino 25GR,Torabika Cappuccino 25GR,,25G,,,True,inStock,,0.2606,0.2606,https://www.carrefourlebanon.com/maflbn/en/cappuccino/torabika-cappuccino-25gm/p/125115,"https://cdn.mafrservices.com/sys-master-root/hb3/h02/61797237948446/125115_main.jpg?im=Resize=(300,300)",Beverages,Coffee,"121 - Coffee, Tea and Cocoa",2026-06-26
carrefour,12201,"Health water, bottled",2387,2387,Tannourine Mineral Water 2L,Tannourine Mineral Water 2L,,2L,,,True,inStock,,0.3909,0.3909,https://www.carrefourlebanon.com/maflbn/en/still-water/tannourine-water-2l/p/2387,"https://cdn.mafrservices.com/sys-master-root/heb/hf7/26412415090718/2387_main.jpg?im=Resize=(300,300)",Beverages,Water,"122 - Mineral Waters, Soft Drinks & Juices",2026-06-26
carrefour,12201,"Health water, bottled",73065,73065,Nestle  Pure Life Mineral Water 2L,Nestle  Pure Life Mineral Water 2L,,2L,,,True,inStock,,0.3808,0.3808,https://www.carrefourlebanon.com/maflbn/en/still-water/nestle-drinking-water-2l/p/73065,"https://cdn.mafrservices.com/sys-master-root/h84/h10/26825533161502/73065_main.jpg?im=Resize=(300,300)",Beverages,Water,"122 - Mineral Waters, Soft Drinks & Juices",2026-06-26
carrefour,12201,"Health water, bottled",159635,159635,Rim Mineral Water 1.5L,Rim Mineral Water 1.5L,,1.5L,,,True,inStock,,0.3007,0.3007,https://www.carrefourlebanon.com/maflbn/en/still-water/rim-mineral-water-1-5l/p/159635,"https://cdn.mafrservices.com/sys-master-root/h57/hc9/13369203163166/159635_main.jpg?im=Resize=(300,300)",Beverages,Water,"122 - Mineral Waters, Soft Drinks & Juices",2026-06-26
carrefour,12202,"Health water, jerry cans",318810,318810,Aquafina Water Gallon 6L,Aquafina Water Gallon 6L,,6L,,,True,inStock,,1.5936,1.5936,https://www.carrefourlebanon.com/maflbn/en/still-water/aquafina-gallon-6l/p/318810,"https://cdn.mafrservices.com/pim-content/LBN/media/product/318810/318810_main.jpg?im=Resize=(300,300)",Beverages,Water,"122 - Mineral Waters, Soft Drinks & Juices",2026-06-26
carrefour,12202,"Health water, jerry cans",2395,2395,Tannourine Natural Spring Mineral Water 6L,Tannourine Natural Spring Mineral Water 6L,,6L,,,True,inStock,,1.3931,1.3931,https://www.carrefourlebanon.com/maflbn/en/still-water/tannourine-water-6l/p/2395,"https://cdn.mafrservices.com/sys-master-root/h40/h6b/33683127828510/2395_main.jpg?im=Resize=(300,300)",Beverages,Water,"122 - Mineral Waters, Soft Drinks & Juices",2026-06-26
carrefour,12204,"Canned orange juice, local",248955,248955,Tropicana Slice Orange Juice 1L,Tropicana Slice Orange Juice 1L,,1L,,,True,inStock,,1.1882,1.1882,https://www.carrefourlebanon.com/maflbn/en/concentrate-fruit-juice/tropicana-slice-tetra-orange-1l/p/248955,"https://cdn.mafrservices.com/sys-master-root/he7/h00/33683128877086/248955_main.jpg?im=Resize=(300,300)",Beverages,Juices,"122 - Mineral Waters, Soft Drinks & Juices",2026-06-26
carrefour,12204,"Canned orange juice, local",72223,72223,Maccaw Juice Orange Bottle 1L,Maccaw Juice Orange Bottle 1L,,1L,,,True,inStock,,2.8827,2.1047,https://www.carrefourlebanon.com/maflbn/en/concentrate-fruit-juice/maccaw-orange-juice-bot-1l/p/72223,"https://cdn.mafrservices.com/sys-master-root/h0d/h17/9389012156446/72223_main.jpg?im=Resize=(300,300)",Beverages,Juices,"122 - Mineral Waters, Soft Drinks & Juices",2026-06-26
carrefour,12206,Mango juice-local,293457,293457,Maccaw Mango Juice 125ML,Maccaw Mango Juice 125ML,,125ML,,,True,inStock,,0.2583,0.2583,https://www.carrefourlebanon.com/maflbn/en/concentrate-fruit-juice/maccaw-mango-juice-125ml/p/293457,"https://cdn.mafrservices.com/sys-master-root/h61/h48/11132537602078/293457_main.jpg?im=Resize=(300,300)",Beverages,Juices,"122 - Mineral Waters, Soft Drinks & Juices",2026-06-26
carrefour,12206,Mango juice-local,13270,13270,Tropicana Juice Mango 240ML,Tropicana Juice Mango 240ML,,240ML,,,True,inStock,,0.4649,0.4649,https://www.carrefourlebanon.com/maflbn/en/concentrate-fruit-juice/tropicana-slice-mango-240ml/p/13270,"https://cdn.mafrservices.com/sys-master-root/h25/h60/11217602412574/13270_main.jpg?im=Resize=(300,300)",Beverages,Juices,"122 - Mineral Waters, Soft Drinks & Juices",2026-06-26
carrefour,12208,"Canned mixed fruit juice, local",248956,248956,Tropicana Juice Tetra Mixed Fruits Slice 1L,Tropicana Juice Tetra Mixed Fruits Slice 1L,,1L,,,True,lowStock,,1.1882,1.1882,https://www.carrefourlebanon.com/maflbn/en/concentrate-fruit-juice/tropicana-slice-tetra-m-fruits-1l/p/248956,"https://cdn.mafrservices.com/sys-master-root/hcd/h29/10298057523230/248956_main.jpg?im=Resize=(300,300)",Beverages,Juices,"122 - Mineral Waters, Soft Drinks & Juices",2026-06-26
carrefour,12208,"Canned mixed fruit juice, local",255709,255709,Kassatly Fruitastic Mango Nectar Fruit Juice 1L,Kassatly Fruitastic Mango Nectar Fruit Juice 1L,,1L,,,True,inStock,,2.0665,2.0665,https://www.carrefourlebanon.com/maflbn/en/concentrate-fruit-juice/kassatly-fr-mango-nectar-1l/p/255709,"https://cdn.mafrservices.com/sys-master-root/ha8/h85/48925735125022/255709_main.jpg?im=Resize=(300,300)",Beverages,Juices,"122 - Mineral Waters, Soft Drinks & Juices",2026-06-26
carrefour,12212,Apple Juice Cedar,255705,255705,Kassatly Fruitastic Apple Juice 1L,Kassatly Fruitastic Apple Juice 1L,,1L,,,True,inStock,,1.9631,1.9631,https://www.carrefourlebanon.com/maflbn/en/concentrate-fruit-juice/kassatly-fr-apple-juice-1l/p/255705,"https://cdn.mafrservices.com/sys-master-root/hf6/h76/10371980230686/255705_main.jpg?im=Resize=(300,300)",Beverages,Juices,"122 - Mineral Waters, Soft Drinks & Juices",2026-06-26
carrefour,12212,Apple Juice Cedar,72246,72246,Maccaw Apple Juice Carton 1L,Maccaw Apple Juice Carton 1L,,1L,,,True,inStock,,1.6532,1.6532,https://www.carrefourlebanon.com/maflbn/en/concentrate-fruit-juice/maccaw-apple-drink-car-1l/p/72246,"https://cdn.mafrservices.com/sys-master-root/hc1/h45/10667054268446/72246_main.jpg?im=Resize=(300,300)",Beverages,Juices,"122 - Mineral Waters, Soft Drinks & Juices",2026-06-26
carrefour,12233,Powder juice (tang),181894,181894,Darina Ice Tea Peach Juice Drink 25GR,Darina Ice Tea Peach Juice Drink 25GR,,25G,,,True,inStock,,0.279,0.279,https://www.carrefourlebanon.com/maflbn/en/other-flavour/darina-ifd-ice-tea-peach-25g/p/181894,"https://cdn.mafrservices.com/sys-master-root/hf2/hfc/49223758151710/181894_main.jpg?im=Resize=(300,300)",Beverages,Powdered Drinks,"122 - Mineral Waters, Soft Drinks & Juices",2026-06-26
carrefour,12233,Powder juice (tang),5837,5837,Aruba Strawberry Instant Drink 30GR,Aruba Strawberry Instant Drink 30GR,,30G,,,True,inStock,,0.2583,0.2583,https://www.carrefourlebanon.com/maflbn/en/other-flavour/aruba-inst-drink-strawberry-30g/p/5837,"https://cdn.mafrservices.com/sys-master-root/h37/h63/17092833411102/5837_main.jpg?im=Resize=(300,300)",Beverages,Powdered Drinks,"122 - Mineral Waters, Soft Drinks & Juices",2026-06-26
carrefour,12235,"Carbonated drinks, cans",13222,13222,Mirinda Soft Drink Orange Can 330ML,Mirinda Soft Drink Orange Can 330ML,,330ML,,,True,inStock,,0.7016,0.7016,https://www.carrefourlebanon.com/maflbn/en/other-flavours/mirinda-can-330ml/p/13222,"https://cdn.mafrservices.com/sys-master-root/ha2/h90/26774348824606/13222_main.jpg?im=Resize=(300,300)",Beverages,Soft Drinks,"122 - Mineral Waters, Soft Drinks & Juices",2026-06-26
carrefour,12235,"Carbonated drinks, cans",13213,13213,7-Up Soft Drink Can 330ML,7-Up Soft Drink Can 330ML,,330ML,,,True,inStock,,0.7016,0.7016,https://www.carrefourlebanon.com/maflbn/en/lemonade-mixers/7up-can-330ml/p/13213,"https://cdn.mafrservices.com/sys-master-root/h71/ha8/17092547870750/13213_main.jpg?im=Resize=(300,300)",Beverages,Soft Drinks,"122 - Mineral Waters, Soft Drinks & Juices",2026-06-26
carrefour,12235,"Carbonated drinks, cans",343978,343978,Pepsi Can 185ML,Pepsi Can 185ML,,185ML,,,True,inStock,,0.6515,0.6515,https://www.carrefourlebanon.com/maflbn/en/cola/pepsi-can-185ml/p/343978,"https://cdn.mafrservices.com/sys-master-root/hee/hbf/61797239455774/343978_main.jpg?im=Resize=(300,300)",Beverages,Soft Drinks,"122 - Mineral Waters, Soft Drinks & Juices",2026-06-26
carrefour,12236,"Beer, bottles",476391,476391,Laziza Pineapple 33CL,Laziza Pineapple 33CL,,33CL,,,True,inStock,,0.7439,0.7439,https://www.carrefourlebanon.com/maflbn/en/malt-beverages/laziza-n-a-beer-pineapple-33cl/p/476391,"https://cdn.mafrservices.com/pim-content/LBN/media/product/476391/1746516603/476391_main.jpg?im=Resize=(300,300)",Beverages,Soft Drinks,"122 - Mineral Waters, Soft Drinks & Juices",2026-06-26
carrefour,12236,"Beer, bottles",401309,401309,Bergauf CLassic Non Alcoholic Malt Drink 250ML,Bergauf CLassic Non Alcoholic Malt Drink 250ML,,250ML,,,True,inStock,,0.5683,0.5683,https://www.carrefourlebanon.com/maflbn/en/malt-beverages/bergauf-classic-malt-can-250ml/p/401309,"https://cdn.mafrservices.com/sys-master-root/hc6/hf7/48175725019166/401309_main.jpg?im=Resize=(300,300)",Beverages,Soft Drinks,"122 - Mineral Waters, Soft Drinks & Juices",2026-06-26
carrefour,12243,Energy drink,431378,431378,Super Nova Sugar Free 250ML,Super Nova Sugar Free 250ML,,250ML,,,True,inStock,,1.1366,1.0022,https://www.carrefourlebanon.com/maflbn/en/energy-drinks/supernova-sugar-free-250ml/p/431378,"https://cdn.mafrservices.com/pim-content/LBN/media/product/431378/1738132203/431378_main.jpg?im=Resize=(300,300)",Beverages,Soft Drinks,"122 - Mineral Waters, Soft Drinks & Juices",2026-06-26
carrefour,12243,Energy drink,32956,32956,Red Bull Energy Drink 250ML,Red Bull Energy Drink 250ML,,250ML,,,True,inStock,,1.6637,1.5234,https://www.carrefourlebanon.com/maflbn/en/energy-drinks/red-bull-regular-250ml/p/32956,"https://cdn.mafrservices.com/sys-master-root/h49/hc1/17076340850718/32956_main.jpg?im=Resize=(300,300)",Beverages,Soft Drinks,"122 - Mineral Waters, Soft Drinks & Juices",2026-06-26
