source,cpi_code,cpi_item,code,link_id,name,product_name,brand,weight,item_unit,base_unit,stock,price,discount_price,url,image_url,category_l1,category_l2,lebanon_category,date
spinneys,11101.0,Wheat (local),274646-V001,130067,CHTAURA GARDEN PEELED WHEAT,CHTAURA GARDEN PEELED WHEAT,,900,900,,True,0.94,0.94,https://www.spinneyslebanon.com/default/peeled-wheat-274646-v001.html,https://d145dj1pf6foch.cloudfront.net/catalog/product/cache/e3aab6bdeb53db00d74a2d874a8ab952/2/7/274646-v001-1.jpg,Food Cupboards /// Rice Pasta & Pulses,Food Cupboards /// Rice Pasta & Pulses /// Beans & Pulses,111 - Bread and Cereals,2026-06-15
spinneys,11101.0,Wheat (local),558068-V001,172675,MIN EL DAYAA PEELED WHEAT ,MIN EL DAYAA PEELED WHEAT ,,900,900,,True,0.71,0.71,https://www.spinneyslebanon.com/default/peeled-wheat-558068-v001.html,https://d145dj1pf6foch.cloudfront.net/catalog/product/cache/e3aab6bdeb53db00d74a2d874a8ab952/5/5/558068-v001-1.jpg,Food Cupboards /// Rice Pasta & Pulses,Food Cupboards /// Rice Pasta & Pulses /// Beans & Pulses,111 - Bread and Cereals,2026-06-15
spinneys,11103.0,Wheat (ground),544060-V001,152646,SPINNEYS SPINNEYS HARD BROWN BORGHOL,SPINNEYS SPINNEYS HARD BROWN BORGHOL,,900,900,,True,0.85,0.85,https://www.spinneyslebanon.com/default/spinneys-hard-brown-borghol-900g.html,https://d145dj1pf6foch.cloudfront.net/catalog/product/cache/e3aab6bdeb53db00d74a2d874a8ab952/5/4/544060-v001-1.jpg,Food Cupboards /// Rice Pasta & Pulses,Food Cupboards /// Rice Pasta & Pulses /// Beans & Pulses,111 - Bread and Cereals,2026-06-15
spinneys,11103.0,Wheat (ground),141646-V001,3560,HBOUBNA BORGHOL GROS BRUN,HBOUBNA BORGHOL GROS BRUN,,1,1,,True,1.65,1.65,https://www.spinneyslebanon.com/default/hboubna-brown-coarse-bulgur-1000g.html,https://d145dj1pf6foch.cloudfront.net/catalog/product/cache/e3aab6bdeb53db00d74a2d874a8ab952/1/4/141646-v001-1_1.jpg,Food Cupboards /// Rice Pasta & Pulses,Food Cupboards /// Rice Pasta & Pulses /// Beans & Pulses,111 - Bread and Cereals,2026-06-15
spinneys,11106.0,Wheat flour with bran (local),550878-V001,167071,MIN EL DAYAA WHOLE WHEAT FLOUR,MIN EL DAYAA WHOLE WHEAT FLOUR,,900,900,,True,0.89,0.89,https://www.spinneyslebanon.com/default/whole-wheat-flour.html,https://d145dj1pf6foch.cloudfront.net/catalog/product/cache/e3aab6bdeb53db00d74a2d874a8ab952/5/5/550878-v001-1.jpg,Food Cupboards /// Sugar Home Bake & Desserts,Food Cupboards /// Sugar Home Bake & Desserts /// Flour,111 - Bread and Cereals,2026-06-15
spinneys,11108.0,White flour-local,407868-V001,13874,SPINNEYS FLOUR ZERO PAPER BAG,SPINNEYS FLOUR ZERO PAPER BAG,,900,900,,True,0.75,0.75,https://www.spinneyslebanon.com/default/flour-zero-paper-bag-407868-v001.html,https://d145dj1pf6foch.cloudfront.net/catalog/product/cache/e3aab6bdeb53db00d74a2d874a8ab952/4/0/407868-v001-1_5.jpg,Food Cupboards /// Sugar Home Bake & Desserts,Food Cupboards /// Sugar Home Bake & Desserts /// Flour,111 - Bread and Cereals,2026-06-15
spinneys,11108.0,White flour-local,550877-V001,163111,MIN EL DAYAA ALL PURPOSE FLOUR,MIN EL DAYAA ALL PURPOSE FLOUR,,900,900,,True,0.85,0.85,https://www.spinneyslebanon.com/default/all-purpose-flour-550877-v001.html,https://d145dj1pf6foch.cloudfront.net/catalog/product/cache/e3aab6bdeb53db00d74a2d874a8ab952/5/5/550877-v001-1.jpg,Food Cupboards /// Sugar Home Bake & Desserts,Food Cupboards /// Sugar Home Bake & Desserts /// Flour,111 - Bread and Cereals,2026-06-15
spinneys,11109.0,white flour-imported,599574-V001,260013,WAITROSE STRONG WHITE BREAD FLOUR,WAITROSE STRONG WHITE BREAD FLOUR,,1,1,,True,4.69,4.69,https://www.spinneyslebanon.com/default/waitrose-strong-white-bread-flour-599574-v001.html,https://d145dj1pf6foch.cloudfront.net/catalog/product/cache/e3aab6bdeb53db00d74a2d874a8ab952/5/9/599574-v001-1.jpg,Imported For You /// Breakfast & Bakery,Food Cupboards /// Sugar Home Bake & Desserts /// Flour,111 - Bread and Cereals,2026-06-15
spinneys,11114.0,"Rice-Phwar, bsmati, Anbar",551134-V001,148487,TWO GIRLS BASMATI RICE,TWO GIRLS BASMATI RICE,,4,4,,True,7.99,7.99,https://www.spinneyslebanon.com/default/basmati-rice.html,https://d145dj1pf6foch.cloudfront.net/catalog/product/cache/e3aab6bdeb53db00d74a2d874a8ab952/5/5/551134-v001-1.jpg,Food Cupboards /// Rice Pasta & Pulses,Food Cupboards /// Rice Pasta & Pulses /// Rice,111 - Bread and Cereals,2026-06-15
spinneys,11114.0,"Rice-Phwar, bsmati, Anbar",535391-V001,167581,HADEEL SELLA BASMATI RICE,HADEEL SELLA BASMATI RICE,,900,900,,True,2.49,2.49,https://www.spinneyslebanon.com/default/sella-basmati-rice-535391-v001.html,https://d145dj1pf6foch.cloudfront.net/catalog/product/cache/e3aab6bdeb53db00d74a2d874a8ab952/5/3/535391-v001-1.jpg,Food Cupboards /// Rice Pasta & Pulses,Food Cupboards /// Rice Pasta & Pulses /// Rice,111 - Bread and Cereals,2026-06-15
spinneys,11115.0,Rice-Indian (Mezza-all kinds),586960-V001,239586,TAJ DIAMOND INDIAN BASMATI RICE ,TAJ DIAMOND INDIAN BASMATI RICE ,,4,4,,True,14.25,14.25,https://www.spinneyslebanon.com/default/diamond-indian-basmati-rice-586960-v001.html,https://d145dj1pf6foch.cloudfront.net/catalog/product/cache/e3aab6bdeb53db00d74a2d874a8ab952/5/8/586960-v001-1.jpg,Food Cupboards /// Rice Pasta & Pulses,Food Cupboards /// Rice Pasta & Pulses /// Rice,111 - Bread and Cereals,2026-06-15
spinneys,11116.0,Rice American(all kinds),544054-V001,152817,SPINNEYS SPINNEYS AMERICAN RICE,SPINNEYS SPINNEYS AMERICAN RICE,,900,900,,True,1.29,1.29,https://www.spinneyslebanon.com/default/spinneys-american-rice.html,https://d145dj1pf6foch.cloudfront.net/catalog/product/cache/e3aab6bdeb53db00d74a2d874a8ab952/5/4/544054-v001-1.jpg,Food Cupboards /// Rice Pasta & Pulses,Food Cupboards /// Rice Pasta & Pulses /// Rice,111 - Bread and Cereals,2026-06-15
spinneys,11117.0,White rice,456681-V001,130361,ZAIN PREMIUM EGYPTIAN RICE,ZAIN PREMIUM EGYPTIAN RICE,,5,5,,True,5.19,5.19,https://www.spinneyslebanon.com/default/premium-egyptian-rice-456681-v001.html,https://d145dj1pf6foch.cloudfront.net/catalog/product/cache/e3aab6bdeb53db00d74a2d874a8ab952/4/5/456681-v001.jpg,Food Cupboards /// Rice Pasta & Pulses,Food Cupboards /// Rice Pasta & Pulses /// Rice,111 - Bread and Cereals,2026-06-15
spinneys,11117.0,White rice,546368-V001,134184,ZAIN EGYPTIAN RICE,ZAIN EGYPTIAN RICE,,900,900,,True,0.99,0.99,https://www.spinneyslebanon.com/default/egyptian-rice-546368-v001.html,https://d145dj1pf6foch.cloudfront.net/catalog/product/cache/e3aab6bdeb53db00d74a2d874a8ab952/5/4/546368-v001-1.jpg,Food Cupboards /// Rice Pasta & Pulses,Food Cupboards /// Rice Pasta & Pulses /// Rice,111 - Bread and Cereals,2026-06-15
spinneys,11122.0,Vermicelli,122608-V001,178013,PANZANI VERMICELLI PASTA,PANZANI VERMICELLI PASTA,,500,500,,True,1.3,1.3,https://www.spinneyslebanon.com/default/panzani-vermicelli-pasta-500g.html,https://d145dj1pf6foch.cloudfront.net/catalog/product/cache/e3aab6bdeb53db00d74a2d874a8ab952/1/2/122608-v001-1_2.jpg,Food Cupboards /// Rice Pasta & Pulses,Food Cupboards /// Rice Pasta & Pulses /// Pasta,111 - Bread and Cereals,2026-06-15
spinneys,11124.0,Macaroni- Spaghetti,122604-V001,2222,PANZANI SPAGHETTI PASTA NO 5,PANZANI SPAGHETTI PASTA NO 5,,500,500,,True,1.3,1.3,https://www.spinneyslebanon.com/default/panzani-spaghetti-pasta-500g.html,https://d145dj1pf6foch.cloudfront.net/catalog/product/cache/e3aab6bdeb53db00d74a2d874a8ab952/1/2/122604-v001-1_1.jpg,Food Cupboards /// Rice Pasta & Pulses,Food Cupboards /// Rice Pasta & Pulses /// Pasta,111 - Bread and Cereals,2026-06-15
spinneys,11124.0,Macaroni- Spaghetti,137382-V001,177872,BARILLA SPAGHETTI #5,BARILLA SPAGHETTI #5,,500,500,,True,1.59,1.59,https://www.spinneyslebanon.com/default/barilla-spaghetti-n-5-500g-137382-v001.html,https://d145dj1pf6foch.cloudfront.net/catalog/product/cache/e3aab6bdeb53db00d74a2d874a8ab952/1/3/137382-v001-1_1_2.jpg,Food Cupboards /// Rice Pasta & Pulses,Food Cupboards /// Rice Pasta & Pulses /// Pasta,111 - Bread and Cereals,2026-06-15
spinneys,11129.0,Macaroni-Andomi (noodles,142966-V001,83194,INDOMIE VEGETABLE NOODLES WITH OIL,INDOMIE VEGETABLE NOODLES WITH OIL,,75,75,,True,0.42,0.42,https://www.spinneyslebanon.com/default/indomie-vegetable-noodles-flavor-75g.html,https://d145dj1pf6foch.cloudfront.net/catalog/product/cache/e3aab6bdeb53db00d74a2d874a8ab952/1/4/142966-v001-1.jpg,World Foods /// Chinese Food,World Foods /// Chinese Food /// Dry Noodles,111 - Bread and Cereals,2026-06-15
spinneys,11131.0,Soup-Shofan,486665-V001,94228,BIOMASS ORGANIC DRIED LARGE OAT FLAKES,BIOMASS ORGANIC DRIED LARGE OAT FLAKES,,375,375,,True,2.99,2.99,https://www.spinneyslebanon.com/default/biomass-organic-oat-flakes-300g.html,https://d145dj1pf6foch.cloudfront.net/catalog/product/cache/e3aab6bdeb53db00d74a2d874a8ab952/4/8/486665-v001-1.jpg,Food Cupboards /// Breakfast Cereals,Food Cupboards /// Breakfast Cereals /// Oatmeal,111 - Bread and Cereals,2026-06-15
spinneys,11131.0,Soup-Shofan,560575-V001,212742,NABAT ORGANIC NATURAL JUMBO OAT FLAKES,NABAT ORGANIC NATURAL JUMBO OAT FLAKES,,450,450,,True,1.16,1.16,https://www.spinneyslebanon.com/default/natural-jumbo-oat-flakes.html,https://d145dj1pf6foch.cloudfront.net/catalog/product/cache/e3aab6bdeb53db00d74a2d874a8ab952/5/6/560575-v001.jpg,Healthy Living /// High Fiber,E-Bazaar /// Daily Essentials /// Morning Delights,111 - Bread and Cereals,2026-06-15
spinneys,11133.0,White bread,491720-V001,72400,AL FORNO ARABIC BREAD WHITE LARGE,AL FORNO ARABIC BREAD WHITE LARGE,,825,825,,True,1,1,https://www.spinneyslebanon.com/default/al-forno-pita-white-large-900g.html,https://d145dj1pf6foch.cloudfront.net/catalog/product/cache/e3aab6bdeb53db00d74a2d874a8ab952/4/9/491720-v001-1.jpg,Bakery /// Bread,Bakery /// Bread /// Arabic Bread,111 - Bread and Cereals,2026-06-15
spinneys,11133.0,White bread,258856-V001,80743,PAIN DOR ARABIC BREAD WHITE,PAIN DOR ARABIC BREAD WHITE,,825,825,,True,1,1,https://www.spinneyslebanon.com/default/pain-dor-bread-arabic-900g.html,https://d145dj1pf6foch.cloudfront.net/catalog/product/cache/e3aab6bdeb53db00d74a2d874a8ab952/2/5/258856-v001-1.jpg,Bakery /// Bread,Bakery /// Bread /// Arabic Bread,111 - Bread and Cereals,2026-06-15
spinneys,11133.0,White bread,368005-V001,10499,WOODEN BAKERY ARABIC BREAD WHITE 6 LOAVES,WOODEN BAKERY ARABIC BREAD WHITE 6 LOAVES,,825,825,,True,1,1,https://www.spinneyslebanon.com/default/wooden-bakery-pita-white-big-7-loaves-900g.html,https://d145dj1pf6foch.cloudfront.net/catalog/product/cache/e3aab6bdeb53db00d74a2d874a8ab952/3/6/368005-v001-1_1.jpg,Bakery /// Bread,Bakery /// Bread /// Arabic Bread,111 - Bread and Cereals,2026-06-15
spinneys,11134.0,Bread- Tamise,458679-V001,30713,PAIN DOR TANNOUR BRAN SMALL,PAIN DOR TANNOUR BRAN SMALL,,300,300,,True,1.35,1.35,https://www.spinneyslebanon.com/default/pain-d-or-tannour-bran-300g.html,https://d145dj1pf6foch.cloudfront.net/catalog/product/cache/e3aab6bdeb53db00d74a2d874a8ab952/4/5/458679-v001-1_3.jpg,Bakery /// Bread,Bakery /// Bread /// Specialty Bread,111 - Bread and Cereals,2026-06-15
spinneys,11135.0,Bread- Samoli,317725-V001,8240,SPINNEYS FOOD SUBMARINE SANDWICH,SPINNEYS FOOD SUBMARINE SANDWICH,,5,5,,True,2.15,2.15,https://www.spinneyslebanon.com/default/spinneys-submarine-sandwich-5-pieces.html,https://d145dj1pf6foch.cloudfront.net/catalog/product/cache/e3aab6bdeb53db00d74a2d874a8ab952/3/1/317725-v001-1_1.jpg,Bakery /// Bread,Bakery /// Bread /// Sandwich Bread,111 - Bread and Cereals,2026-06-15
spinneys,11135.0,Bread- Samoli,491743-V001,164335,AL FORNO PHILLY SANDWISH SESAME THIN,AL FORNO PHILLY SANDWISH SESAME THIN,,5,5,,True,2.45,2.45,https://www.spinneyslebanon.com/default/philly-sandwish-sesame-thin-491743-v001.html,https://d145dj1pf6foch.cloudfront.net/catalog/product/cache/e3aab6bdeb53db00d74a2d874a8ab952/4/9/491743-v001-1_1.jpg,Bakery /// Bread,Bakery /// Bread /// Sandwich Bread,111 - Bread and Cereals,2026-06-15
spinneys,11136.0,Bread (toast),368067-V001,10517,WOODEN BAKERY TOAST WHITE BAG,WOODEN BAKERY TOAST WHITE BAG,,130,130,,True,2.85,2.85,https://www.spinneyslebanon.com/default/wooden-bakery-toast-white-36-slices-260g.html,https://d145dj1pf6foch.cloudfront.net/catalog/product/cache/e3aab6bdeb53db00d74a2d874a8ab952/3/6/368067-v001-1_6.jpg,Bakery /// Kaak & Brioche,Bakery /// Kaak & Brioche /// Toasts & Crouton,111 - Bread and Cereals,2026-06-15
spinneys,11141.0,Croissant,493031-V001,164356,PAIN DOR CROISSANT SCHOOLS CHEESE,PAIN DOR CROISSANT SCHOOLS CHEESE,,75,75,,True,0.85,0.85,https://www.spinneyslebanon.com/default/croissant-schools-cheese-493031-v001.html,https://d145dj1pf6foch.cloudfront.net/catalog/product/cache/e3aab6bdeb53db00d74a2d874a8ab952/4/9/493031-v001-1.jpg,Snacks & Candy /// Sweet Snacks,Snacks & Candy /// Sweet Snacks /// Croissant,111 - Bread and Cereals,2026-06-15
spinneys,11142.0,Bread (Shaboura),368084-V001,10529,WOODEN BAKERY KAAK FINGER SESAME LON,WOODEN BAKERY KAAK FINGER SESAME LON,,320,320,,True,2.75,2.75,https://www.spinneyslebanon.com/default/wooden-bakery-kaak-finger-sesame-long-400g.html,https://d145dj1pf6foch.cloudfront.net/catalog/product/cache/e3aab6bdeb53db00d74a2d874a8ab952/3/6/368084_-v001-1_6.jpg,Bakery /// Kaak & Brioche,Bakery /// Kaak & Brioche /// Kaak,111 - Bread and Cereals,2026-06-15
spinneys,11144.0,Tart,599218-V001,269004,CRADEL CLASSIC ROUND STRAWBERRY TART,CRADEL CLASSIC ROUND STRAWBERRY TART,,300,300,,True,3.99,3.99,https://www.spinneyslebanon.com/default/cradel-classic-round-strawberry-tart-599218-v001.html,https://d145dj1pf6foch.cloudfront.net/catalog/product/cache/e3aab6bdeb53db00d74a2d874a8ab952/5/9/599218-v001-1.jpg,Snacks & Candy /// Sweet Snacks,Snacks & Candy /// Sweet Snacks /// Sweet Savoury,111 - Bread and Cereals,2026-06-15
spinneys,11145.0,Biscuits- local,525649-V001,69896,MASTRO CHOC OLE BISCUIT,MASTRO CHOC OLE BISCUIT,,60,60,,True,0.39,0.39,https://www.spinneyslebanon.com/default/mastro-choc-ole-biscuit-60g.html,https://d145dj1pf6foch.cloudfront.net/catalog/product/cache/e3aab6bdeb53db00d74a2d874a8ab952/5/2/525649-v001-1_1.jpg,Snacks & Candy /// Sweet Snacks,Snacks & Candy /// Sweet Snacks /// Biscuits,111 - Bread and Cereals,2026-06-15
spinneys,11145.0,Biscuits- local,538239-V001,129818,GANDOUR DABKE BISCUIT,GANDOUR DABKE BISCUIT,,26,26,,True,0.32,0.32,https://www.spinneyslebanon.com/default/dabke-biscuit-538239-v001.html,https://d145dj1pf6foch.cloudfront.net/catalog/product/cache/e3aab6bdeb53db00d74a2d874a8ab952/5/3/538239-v001-1.jpg,Snacks & Candy /// Sweet Snacks,Snacks & Candy /// Sweet Snacks /// Biscuits,111 - Bread and Cereals,2026-06-15
spinneys,11146.0,Biscuits- imported,348928-V001,195030,OREO BISCUIT COOKIE,OREO BISCUIT COOKIE,,36,36,,True,0.4,0.4,https://www.spinneyslebanon.com/default/biscuit-cookie.html,https://d145dj1pf6foch.cloudfront.net/catalog/product/cache/e3aab6bdeb53db00d74a2d874a8ab952/3/4/348928-v001-1_8.jpg,Snacks & Candy /// Sweet Snacks,Snacks & Candy /// Sweet Snacks /// Biscuits,111 - Bread and Cereals,2026-06-15
spinneys,11146.0,Biscuits- imported,232231-V001,5522,LOTUS SNACK BISCUIT,LOTUS SNACK BISCUIT,,124,124,,True,1.75,1.75,https://www.spinneyslebanon.com/default/lotus-biscoff-snack-pack-120g.html,https://d145dj1pf6foch.cloudfront.net/catalog/product/cache/e3aab6bdeb53db00d74a2d874a8ab952/2/3/232231-v001-1.jpg,Snacks & Candy /// Sweet Snacks,Snacks & Candy /// Sweet Snacks /// Biscuits,111 - Bread and Cereals,2026-06-15
spinneys,11146.0,Biscuits- imported,289447-V001,129074,ULKER HALLEY COMPOUND,ULKER HALLEY COMPOUND,,26,26,,True,0.35,0.35,https://www.spinneyslebanon.com/default/halley-compound.html,https://d145dj1pf6foch.cloudfront.net/catalog/product/cache/e3aab6bdeb53db00d74a2d874a8ab952/2/8/289447-v001-1.jpg,Snacks & Candy /// Sweet Snacks,Snacks & Candy /// Sweet Snacks /// Biscuits,111 - Bread and Cereals,2026-06-15
spinneys,11149.0,Corn Flakes,543907-V001,174806,POPPINS CORN FLAKES NO ADDED SUGAR,POPPINS CORN FLAKES NO ADDED SUGAR,,300,300,,False,2.19,2.19,https://www.spinneyslebanon.com/default/corn-flakes-no-added-sugar-543907-v001.html,https://d145dj1pf6foch.cloudfront.net/catalog/product/cache/e3aab6bdeb53db00d74a2d874a8ab952/5/4/543907-v001-1_1.jpg,Food Cupboards /// Breakfast Cereals,Food Cupboards /// Breakfast Cereals /// Granola & Muesli,111 - Bread and Cereals,2026-06-15
spinneys,11151.0,Dough,456031-V001,109269,LAMESA PIZZA DOUGH 6PCS,LAMESA PIZZA DOUGH 6PCS,,1,1,,True,5.25,5.25,https://www.spinneyslebanon.com/default/pizza-dough-6pcs.html,https://d145dj1pf6foch.cloudfront.net/catalog/product/cache/e3aab6bdeb53db00d74a2d874a8ab952/4/5/456031-v001-1_1.jpg,,,111 - Bread and Cereals,2026-06-15
spinneys,11153.0,Doughnut,585321-V001,257689,NOIX CHOCO SUGAR GLAZED DONUTS,NOIX CHOCO SUGAR GLAZED DONUTS,,6,6,,True,7.99,7.99,https://www.spinneyslebanon.com/default/cocola-sugar-glazed-donuts-585321-v001.html,https://d145dj1pf6foch.cloudfront.net/catalog/product/cache/e3aab6bdeb53db00d74a2d874a8ab952/5/8/585321-v001-1.jpg,Frozen /// Desserts,Frozen /// Desserts /// Cakes,111 - Bread and Cereals,2026-06-15
spinneys,11155.0,Knefeh,565240-V001,208532,MIN EL DAYAA KNEFEH 2PC,MIN EL DAYAA KNEFEH 2PC,,280,280,,False,4.89,4.89,https://www.spinneyslebanon.com/default/knefeh-2pc-565240-v001.html,https://d145dj1pf6foch.cloudfront.net/catalog/product/cache/e3aab6bdeb53db00d74a2d874a8ab952/5/6/565240-v001-1.jpg,Frozen /// Desserts,Frozen /// Desserts /// Cakes,111 - Bread and Cereals,2026-06-15
spinneys,11160.0,Mamoul,586862-V001,243870,MIN EL DAYAA DATES CEREAL COOKIES,MIN EL DAYAA DATES CEREAL COOKIES,,220,220,,True,2.79,2.79,https://www.spinneyslebanon.com/default/dates-cereal-cookies-586862-v001.html,https://d145dj1pf6foch.cloudfront.net/catalog/product/cache/e3aab6bdeb53db00d74a2d874a8ab952/5/8/586862-v001-1.jpg,Bakery /// Cakes & Pastries,Bakery /// Cakes & Pastries /// Biscuits & Cookies,111 - Bread and Cereals,2026-06-15
spinneys,11201.0,Fresh beef,127209-V001,2459,LOCAL BEEF HABRA,LOCAL BEEF HABRA,,1,1,,True,18.5,18.5,https://www.spinneyslebanon.com/default/beef-habra-fat-free-baladi-local-per-kg.html,https://d145dj1pf6foch.cloudfront.net/catalog/product/cache/e3aab6bdeb53db00d74a2d874a8ab952/1/2/127209-v001-1_1.jpg,Meat Poultry & Fish /// Meat,Meat Poultry & Fish /// Meat /// Beef,112 - Meat and Poultry,2026-06-15
spinneys,11201.0,Fresh beef,127262-V001,112359,BEEF CUBES FOR COOKING HABRA,BEEF CUBES FOR COOKING HABRA,,1,1,,True,13.99,13.99,https://www.spinneyslebanon.com/default/brazilian-beef-cubes-cooking.html,https://d145dj1pf6foch.cloudfront.net/catalog/product/cache/e3aab6bdeb53db00d74a2d874a8ab952/b/r/brazilian-beef-cubes-pack-2441174.jpg,Meat Poultry & Fish /// Meat,Meat Poultry & Fish /// Meat /// Beef,112 - Meat and Poultry,2026-06-15
spinneys,11202.0,Fresh veal,103431-V001,623,VEAL BEEF FILET,VEAL BEEF FILET,,1,1,,True,69.99,69.99,https://www.spinneyslebanon.com/default/dutch-veal-fillet-per-kg.html,https://d145dj1pf6foch.cloudfront.net/catalog/product/cache/e3aab6bdeb53db00d74a2d874a8ab952/1/0/103431-v001-1_3.jpg,Meat Poultry & Fish /// Meat,Meat Poultry & Fish /// Meat /// Beef,112 - Meat and Poultry,2026-06-15
spinneys,11202.0,Fresh veal,349437-V001,9659,VEAL BEEF EYEROUND,VEAL BEEF EYEROUND,,1,1,,True,49.99,49.99,https://www.spinneyslebanon.com/default/dutch-veal-eyeround-per-kg.html,https://d145dj1pf6foch.cloudfront.net/catalog/product/cache/e3aab6bdeb53db00d74a2d874a8ab952/3/4/349437-v001-1_6.jpg,Meat Poultry & Fish /// Meat,Meat Poultry & Fish /// Meat /// Beef,112 - Meat and Poultry,2026-06-15
spinneys,11203.0,Fresh mutton,127218-V001,2462,LAMB LEG BONE-IN,LAMB LEG BONE-IN,,1,1,,True,21.99,21.99,https://www.spinneyslebanon.com/default/lamb-leg-bone-in-per-kg.html,https://d145dj1pf6foch.cloudfront.net/catalog/product/cache/e3aab6bdeb53db00d74a2d874a8ab952/1/2/127218-v001-1_3.jpg,Meat Poultry & Fish /// Meat,Meat Poultry & Fish /// Meat /// lamb,112 - Meat and Poultry,2026-06-15
spinneys,11203.0,Fresh mutton,127232-V001,172510,LAMB CASTALETA BONEIN LCL,LAMB CASTALETA BONEIN LCL,,1,1,,True,24.5,24.5,https://www.spinneyslebanon.com/default/lamb-castaleta-bonein-lcl.html,https://d145dj1pf6foch.cloudfront.net/catalog/product/cache/e3aab6bdeb53db00d74a2d874a8ab952/1/2/127232-v001-1_5.jpg,,,112 - Meat and Poultry,2026-06-15
spinneys,11208.0,"Liver or kidneys,tongues",120216-V001,286967,SHUMAN CHICKEN LIVER,SHUMAN CHICKEN LIVER,,1,1,,True,4.5,4.5,https://www.spinneyslebanon.com/default/shuman-chicken-liver-120216-v001.html,https://d145dj1pf6foch.cloudfront.net/catalog/product/cache/e3aab6bdeb53db00d74a2d874a8ab952/1/2/120216-v001-1.jpg,Meat Poultry & Fish /// Poultry,Meat Poultry & Fish /// Poultry /// Chicken,112 - Meat and Poultry,2026-06-15
spinneys,11208.0,"Liver or kidneys,tongues",526209-V001,53350,COUCOU CHICKEN LIVER,COUCOU CHICKEN LIVER,,1,1,,True,4.35,4.35,https://www.spinneyslebanon.com/default/coucou-chicken-liver-per-kg.html,https://d145dj1pf6foch.cloudfront.net/catalog/product/cache/e3aab6bdeb53db00d74a2d874a8ab952/5/2/526209-v001-1_1_1.jpg,Meat Poultry & Fish /// Poultry,Meat Poultry & Fish /// Poultry /// Chicken,112 - Meat and Poultry,2026-06-15
spinneys,11212.0,Fresh beef-Minced,103130-V001,599, BEEF MINCED, BEEF MINCED,,1,1,,True,10.5,10.5,https://www.spinneyslebanon.com/default/beef-mince-per-kg.html,https://d145dj1pf6foch.cloudfront.net/catalog/product/cache/e3aab6bdeb53db00d74a2d874a8ab952/1/0/103130-v001-1.jpg,Meat Poultry & Fish /// Meat,Meat Poultry & Fish /// Meat /// Beef,112 - Meat and Poultry,2026-06-15
spinneys,11213.0,Frozen beef-minced,413534-V001,29654,PRIMEAT BRAZILIAN BEEF MINCE HABRA,PRIMEAT BRAZILIAN BEEF MINCE HABRA,,1,1,,True,14.49,14.49,https://www.spinneyslebanon.com/default/beef-mince-habra-per-kg.html,https://d145dj1pf6foch.cloudfront.net/catalog/product/cache/e3aab6bdeb53db00d74a2d874a8ab952/4/1/413534-v001-1_1.jpg,Meat Poultry & Fish /// Meat,Meat Poultry & Fish /// Meat /// Pre-Packed,112 - Meat and Poultry,2026-06-15
spinneys,11217.0,Chilled mutton-imported,580290-V001,280134,AUSTALIAN FROZEN FROZEN BONELESS MUTTON TENDERLOIN,AUSTALIAN FROZEN FROZEN BONELESS MUTTON TENDERLOIN,,1,1,,True,15.99,15.99,https://www.spinneyslebanon.com/default/aust-frz-frozen-boneless-mutton-tenderloin-580290-v001.html,https://d145dj1pf6foch.cloudfront.net/catalog/product/cache/e3aab6bdeb53db00d74a2d874a8ab952/5/8/580290-v001-1.jpg,,,112 - Meat and Poultry,2026-06-15
spinneys,11226.0,"Fresh chicken ,local",543841-V001,201486,WILCO WHOLE CHICKEN,WILCO WHOLE CHICKEN,,1,1,,True,3.15,3.15,https://www.spinneyslebanon.com/default/whole-chicken-543841-v001.html,https://d145dj1pf6foch.cloudfront.net/catalog/product/cache/e3aab6bdeb53db00d74a2d874a8ab952/5/4/543841-v001-1_1.jpg,Meat Poultry & Fish /// Poultry,Meat Poultry & Fish /// Poultry /// Chicken,112 - Meat and Poultry,2026-06-15
spinneys,11226.0,"Fresh chicken ,local",134378-V001,36343,TANMIA  WHOLE CHICKEN,TANMIA  WHOLE CHICKEN,,1,1,,True,3.25,3.25,https://www.spinneyslebanon.com/default/tanmia-whole-chicken-per-kg.html,https://d145dj1pf6foch.cloudfront.net/catalog/product/cache/e3aab6bdeb53db00d74a2d874a8ab952/1/3/134378-v001-1.jpg,Meat Poultry & Fish /// Poultry,Meat Poultry & Fish /// Poultry /// Chicken,112 - Meat and Poultry,2026-06-15
spinneys,11227.0,"Frozen chicken, local",278853-V001,164677,CHICKEN BREAST WHOLE FROZEN,CHICKEN BREAST WHOLE FROZEN,,1,1,,True,7.5,7.5,https://www.spinneyslebanon.com/default/chicken-breast-whole-frozen-278853-v001.html,https://d145dj1pf6foch.cloudfront.net/catalog/product/cache/e3aab6bdeb53db00d74a2d874a8ab952/2/7/278853-v001.jpg,,,112 - Meat and Poultry,2026-06-15
spinneys,11229.0,"Chicken-minced, local",274200-V001,178331,TANMIA CHICKEN THIGH FILET,TANMIA CHICKEN THIGH FILET,,650,650,,True,5.75,5.75,https://www.spinneyslebanon.com/default/chicken-thigh-filet.html,https://d145dj1pf6foch.cloudfront.net/catalog/product/cache/e3aab6bdeb53db00d74a2d874a8ab952/2/7/274200-v001-1_12.jpg,Meat Poultry & Fish /// Poultry,Meat Poultry & Fish /// Poultry /// Chicken,112 - Meat and Poultry,2026-06-15
spinneys,11241.0,"Hamburger chicken (Fresh,Frozen)",405093-V001,29372,TANMIA CHICKEN BURGERS BREADED,TANMIA CHICKEN BURGERS BREADED,,900,900,,True,5.17,5.17,https://www.spinneyslebanon.com/default/tanmia-chicken-burgers-breaded-frozen-850g-8-pieces.html,https://d145dj1pf6foch.cloudfront.net/catalog/product/cache/e3aab6bdeb53db00d74a2d874a8ab952/4/0/405093-v001-1_3.jpg,Frozen /// Meat & Poultry,Frozen /// Meat & Poultry /// Poultry,112 - Meat and Poultry,2026-06-15
spinneys,11244.0,Chicken legs,274196-V001,36664,TANMIA CHICKEN LEGS,TANMIA CHICKEN LEGS,,700,700,,True,1.65,1.65,https://www.spinneyslebanon.com/default/tanmia-chicken-legs-700g.html,https://d145dj1pf6foch.cloudfront.net/catalog/product/cache/e3aab6bdeb53db00d74a2d874a8ab952/2/7/274196-v001-1_1.jpg,Meat Poultry & Fish /// Poultry,Meat Poultry & Fish /// Poultry /// Chicken,112 - Meat and Poultry,2026-06-15
spinneys,11245.0,"Pieces of chicken chests & wings (fresh, frozen)",543848-V001,175175,WILCO CHICKEN WINGS,WILCO CHICKEN WINGS,,1,1,,True,2.85,2.85,https://www.spinneyslebanon.com/default/chicken-wings.html,https://d145dj1pf6foch.cloudfront.net/catalog/product/cache/e3aab6bdeb53db00d74a2d874a8ab952/5/4/543848-v001-1.jpg,Meat Poultry & Fish /// Poultry,Meat Poultry & Fish /// Poultry /// Chicken,112 - Meat and Poultry,2026-06-15
spinneys,11245.0,"Pieces of chicken chests & wings (fresh, frozen)",274199-V001,96105,TANMIA CHICKEN WINGS,TANMIA CHICKEN WINGS,,650,650,,True,1.9,1.9,https://www.spinneyslebanon.com/default/tanmia-chicken-wings-650g.html,https://d145dj1pf6foch.cloudfront.net/catalog/product/cache/e3aab6bdeb53db00d74a2d874a8ab952/2/7/274199-v001-1_1.jpg,Meat Poultry & Fish /// Poultry,Meat Poultry & Fish /// Poultry /// Chicken,112 - Meat and Poultry,2026-06-15
spinneys,11301.0,"Fresh fish, mallifa",211679-V001,179537,FISH MALLIFA IMPORTED,FISH MALLIFA IMPORTED,,1,1,,True,15.99,15.99,https://www.spinneyslebanon.com/default/mallifa-imported-per-kg.html,https://d145dj1pf6foch.cloudfront.net/catalog/product/cache/e3aab6bdeb53db00d74a2d874a8ab952/2/1/211679-v001-1.jpg,Meat Poultry & Fish /// Fish & Seafood,Meat Poultry & Fish /// Fish & Seafood /// Fresh Whole Fish,113 - Fish and Seafood,2026-06-15
spinneys,11302.0,"Fresh fish ,sardine",594568-V001,252709,FISH SARDINE FILET,FISH SARDINE FILET,,1,1,,True,29.99,29.99,https://www.spinneyslebanon.com/default/sardine-filet-594568-v001.html,https://d145dj1pf6foch.cloudfront.net/catalog/product/cache/e3aab6bdeb53db00d74a2d874a8ab952/5/9/594568-v001-1.jpg,,,113 - Fish and Seafood,2026-06-15
spinneys,11303.0,"Fresh fish , lokkoz",127407-V001,237321,FISH LOKKOZ RAMLEH 1/3 KG,FISH LOKKOZ RAMLEH 1/3 KG,,1,1,,False,52.99,52.99,https://www.spinneyslebanon.com/default/lokkoz-ramleh-1-3-kg-127407-v001.html,https://d145dj1pf6foch.cloudfront.net/catalog/product/cache/e3aab6bdeb53db00d74a2d874a8ab952/1/2/127407-v001-1_3.jpg,Meat Poultry & Fish /// Fish & Seafood,Meat Poultry & Fish /// Fish & Seafood /// Fresh Whole Fish,113 - Fish and Seafood,2026-06-15
spinneys,11304.0,"Fresh fish , ajaj",129899-V001,179528,FISH SEABREAM AJAJ ,FISH SEABREAM AJAJ ,,1,1,,True,7.99,7.99,https://www.spinneyslebanon.com/default/sea-bream-per-kg.html,https://d145dj1pf6foch.cloudfront.net/catalog/product/cache/e3aab6bdeb53db00d74a2d874a8ab952/1/2/129899-v001-1.jpg,Meat Poultry & Fish /// Fish & Seafood,Meat Poultry & Fish /// Fish & Seafood /// Fresh Whole Fish,113 - Fish and Seafood,2026-06-15
spinneys,11305.0,"Fresh fish, ghobbos",507130-V001,171322,FISH GHOBBOS BALADI,FISH GHOBBOS BALADI,,1,1,,True,10.99,10.99,https://www.spinneyslebanon.com/default/ghobbos-baladi.html,https://d145dj1pf6foch.cloudfront.net/catalog/product/cache/e3aab6bdeb53db00d74a2d874a8ab952/5/0/507130-v001-1.jpg,Meat Poultry & Fish /// Fish & Seafood,Meat Poultry & Fish /// Fish & Seafood /// Fresh Whole Fish,113 - Fish and Seafood,2026-06-15
spinneys,11307.0,"Fresh fish, sultan ibrahim",275906-V001,199535,FISH  SULTAN GHASSANI,FISH  SULTAN GHASSANI,,1,1,,True,7.99,7.99,https://www.spinneyslebanon.com/default/sultan-ghassani-275906-v001.html,https://d145dj1pf6foch.cloudfront.net/catalog/product/cache/e3aab6bdeb53db00d74a2d874a8ab952/2/7/275906-v001-1_1.jpg,Meat Poultry & Fish /// Fish & Seafood,Meat Poultry & Fish /// Fish & Seafood /// Fresh Whole Fish,113 - Fish and Seafood,2026-06-15
spinneys,11310.0,"Other fresh fish,  specify",128678-V001,212670,FISH WHOLE SALMON3/4,FISH WHOLE SALMON3/4,,1,1,,True,14.99,14.99,https://www.spinneyslebanon.com/default/norwegian-salmon-whole.html,https://d145dj1pf6foch.cloudfront.net/catalog/product/cache/e3aab6bdeb53db00d74a2d874a8ab952/1/2/128678-v001-1_1.jpg,Meat Poultry & Fish /// Fish & Seafood,Meat Poultry & Fish /// Fish & Seafood /// Fresh Whole Fish,113 - Fish and Seafood,2026-06-15
spinneys,11312.0,"Fresh shrimp,scaled",401985-V001,179543,FISH VANNAMEI SHRIMPS 30/40,FISH VANNAMEI SHRIMPS 30/40,,1,1,,True,13.99,13.99,https://www.spinneyslebanon.com/default/shrimps-30-40.html,https://d145dj1pf6foch.cloudfront.net/catalog/product/cache/e3aab6bdeb53db00d74a2d874a8ab952/4/0/401985-v001-1.jpg,Meat Poultry & Fish /// Fish & Seafood,Meat Poultry & Fish /// Fish & Seafood /// Fresh Seafood,113 - Fish and Seafood,2026-06-15
spinneys,11318.0,"Canned tuna, imported",209235-V001,5132,PLEIN SOLEIL WHITE TUNA IN VEGETABLE OIL,PLEIN SOLEIL WHITE TUNA IN VEGETABLE OIL,,185,185,,True,1.75,1.75,https://www.spinneyslebanon.com/default/plein-soleil-white-tuna-in-vegetable-oil-canned-185g.html,https://d145dj1pf6foch.cloudfront.net/catalog/product/cache/e3aab6bdeb53db00d74a2d874a8ab952/2/0/209235-v001-1_1_1.jpg,Food Cupboards /// Canned Food & Packets,Food Cupboards /// Canned Food & Packets /// Canned Fish,113 - Fish and Seafood,2026-06-15
spinneys,11318.0,"Canned tuna, imported",134270-V001,161281,MONARCH WHITE MEAT TUNA IN VEG.OIL,MONARCH WHITE MEAT TUNA IN VEG.OIL,,185,185,,True,1.65,1.65,https://www.spinneyslebanon.com/default/white-meat-tuna-in-veg-oil-134270-v001.html,https://d145dj1pf6foch.cloudfront.net/catalog/product/cache/e3aab6bdeb53db00d74a2d874a8ab952/1/3/134270-v001-1_1.jpg,Food Cupboards /// Canned Food & Packets,Food Cupboards /// Canned Food & Packets /// Canned Fish,113 - Fish and Seafood,2026-06-15
spinneys,11318.0,"Canned tuna, imported",163836-V001,61323,SIBLOU WHITE TUNA IN OIL,SIBLOU WHITE TUNA IN OIL,,185,185,,True,2.05,2.05,https://www.spinneyslebanon.com/default/siblou-white-tuna-in-oil-185g.html,https://d145dj1pf6foch.cloudfront.net/catalog/product/cache/e3aab6bdeb53db00d74a2d874a8ab952/1/6/163836-v001-1_1.jpg,Food Cupboards /// Canned Food & Packets,Food Cupboards /// Canned Food & Packets /// Canned Fish,113 - Fish and Seafood,2026-06-15
spinneys,11401.0,"Fresh milk, local",139699-V001,27197,CANDIA FRESH MILK FULL FAT,CANDIA FRESH MILK FULL FAT,,1,1,,True,2.15,2.15,https://www.spinneyslebanon.com/default/candia-fresh-milk-full-fat-1l.html,https://d145dj1pf6foch.cloudfront.net/catalog/product/cache/e3aab6bdeb53db00d74a2d874a8ab952/1/3/139699-v001-1_3.jpg,Beverages /// Milk,Beverages /// Milk /// Fresh Milk,"114 - Milk, Products & Eggs",2026-06-15
spinneys,11402.0,Canned fresh milk with flavours,162973-V001,27317,CANDY UP CANDY UP CHOCOLATE UHT MILK,CANDY UP CANDY UP CHOCOLATE UHT MILK,,125,125,,True,0.33,0.33,https://www.spinneyslebanon.com/default/candia-candy-up-chocolate-6x125ml.html,https://d145dj1pf6foch.cloudfront.net/catalog/product/cache/e3aab6bdeb53db00d74a2d874a8ab952/1/6/162973-v001_2.jpg,Beverages /// Milk,Beverages /// Milk /// UHT Milk,"114 - Milk, Products & Eggs",2026-06-15
spinneys,11403.0,"Canned liquid milk, local",470177-V001,202470, DAIRY KHOURY FRESH MILK LOW FAT, DAIRY KHOURY FRESH MILK LOW FAT,,1,1,,True,2.25,2.25,https://www.spinneyslebanon.com/default/fresh-milk-low-fat.html,https://d145dj1pf6foch.cloudfront.net/catalog/product/cache/e3aab6bdeb53db00d74a2d874a8ab952/4/7/470177-v001-1.jpg,,,"114 - Milk, Products & Eggs",2026-06-15
spinneys,11404.0,"Canned liquid milk, imported",530988-V001,218958,NABAT ORGANIC ORGANIC COCONUT CREAM CAN,NABAT ORGANIC ORGANIC COCONUT CREAM CAN,,400,400,,True,3.35,3.35,https://www.spinneyslebanon.com/default/organic-coconut-cream-can-530988-v001.html,https://d145dj1pf6foch.cloudfront.net/catalog/product/cache/e3aab6bdeb53db00d74a2d874a8ab952/5/3/530988-v001-1.jpg,Food Cupboards /// Sugar Home Bake & Desserts,Food Cupboards /// Sugar Home Bake & Desserts /// Canned Cream & Condensed Milk,"114 - Milk, Products & Eggs",2026-06-15
spinneys,11405.0,Condensed or evaporated milk,593811-V001,253018,PLEIN SOLEIL SWEETENED CONDENSED MILK,PLEIN SOLEIL SWEETENED CONDENSED MILK,,397,397,,True,2.39,2.39,https://www.spinneyslebanon.com/default/sweetened-condensed-milk-593811-v001.html,https://d145dj1pf6foch.cloudfront.net/catalog/product/cache/e3aab6bdeb53db00d74a2d874a8ab952/5/9/593811-v001-1.jpg,Food Cupboards /// Sugar Home Bake & Desserts,Food Cupboards /// Sugar Home Bake & Desserts /// Canned Cream & Condensed Milk,"114 - Milk, Products & Eggs",2026-06-15
spinneys,11406.0,Canned powder milk,250719-V001,106281,NIDO POUCH POWDER MILK,NIDO POUCH POWDER MILK,,2,2,,True,15.99,15.99,https://www.spinneyslebanon.com/default/pouch-powder-milk.html,https://d145dj1pf6foch.cloudfront.net/catalog/product/cache/e3aab6bdeb53db00d74a2d874a8ab952/2/5/250719-v001-1_1_1.jpg,Beverages /// Milk,Beverages /// Milk /// Powder Milk,"114 - Milk, Products & Eggs",2026-06-15
spinneys,11407.0,Infant formula,565498-V001,192215,BLEDINA BLEDI UP 4 MILK 3 TO 6YEARS,BLEDINA BLEDI UP 4 MILK 3 TO 6YEARS,,2,2,,True,15.49,15.49,https://www.spinneyslebanon.com/default/bledi-up-4-milk-3-to-6years-565498-v001.html,https://d145dj1pf6foch.cloudfront.net/catalog/product/cache/e3aab6bdeb53db00d74a2d874a8ab952/5/6/565498-v001-1_1.jpg,Baby & Child /// Feeding,Baby & Child /// Feeding /// Milk,"114 - Milk, Products & Eggs",2026-06-15
spinneys,11408.0,"Fresh milk,local",139699-V001,27197,CANDIA FRESH MILK FULL FAT,CANDIA FRESH MILK FULL FAT,,1,1,,True,2.15,2.15,https://www.spinneyslebanon.com/default/candia-fresh-milk-full-fat-1l.html,https://d145dj1pf6foch.cloudfront.net/catalog/product/cache/e3aab6bdeb53db00d74a2d874a8ab952/1/3/139699-v001-1_3.jpg,Beverages /// Milk,Beverages /// Milk /// Fresh Milk,"114 - Milk, Products & Eggs",2026-06-15
spinneys,11409.0,Yogurt,522748-V001,62223,TAANAYEL LES FERMES LABAN PREMIUM,TAANAYEL LES FERMES LABAN PREMIUM,,1,1,,True,2.49,2.49,https://www.spinneyslebanon.com/default/fermes-tenaayel-laban-premium-1kg.html,https://d145dj1pf6foch.cloudfront.net/catalog/product/cache/e3aab6bdeb53db00d74a2d874a8ab952/5/2/522748-v001-1.jpg,Deli Dairy & Eggs /// Labneh & Yogurts,Deli Dairy & Eggs /// Labneh & Yogurts /// Plain Yogurts,"114 - Milk, Products & Eggs",2026-06-15
spinneys,11413.0,Cream,110426-V001,238806,NESTLE CREAM ORIGINAL,NESTLE CREAM ORIGINAL,,170,170,,True,2.59,2.59,https://www.spinneyslebanon.com/default/cream-original.html,https://d145dj1pf6foch.cloudfront.net/catalog/product/cache/e3aab6bdeb53db00d74a2d874a8ab952/1/1/110426-v001-1_4.jpg,Beverages /// Milk,,"114 - Milk, Products & Eggs",2026-06-15
spinneys,11415.0,"White cheese,local",108746-V001,1235,TAANAYEL LES FERMES AKKAWI CHEESE VACUUM,TAANAYEL LES FERMES AKKAWI CHEESE VACUUM,,1,1,,True,13.25,13.25,https://www.spinneyslebanon.com/default/taanayel-les-fermes-akkaoui-cheese-per-kg.html,https://d145dj1pf6foch.cloudfront.net/catalog/product/cache/e3aab6bdeb53db00d74a2d874a8ab952/1/0/108746-v001-1_2.jpg,Deli Dairy & Eggs /// Cheeses,Deli Dairy & Eggs /// Cheeses /// White Cheeses,"114 - Milk, Products & Eggs",2026-06-15
spinneys,11415.0,"White cheese,local",108743-V001,1226,TAANAYEL LES FERMES HALLOUM VACUUM,TAANAYEL LES FERMES HALLOUM VACUUM,,1,1,,True,14.99,14.99,https://www.spinneyslebanon.com/default/taanayel-les-fermes-halloum.html,https://d145dj1pf6foch.cloudfront.net/catalog/product/cache/e3aab6bdeb53db00d74a2d874a8ab952/1/0/108743-v001-1_2.jpg,Deli Dairy & Eggs /// Cheeses,Deli Dairy & Eggs /// Cheeses /// White Cheeses,"114 - Milk, Products & Eggs",2026-06-15
spinneys,11415.0,"White cheese,local",456408-V001,101875,LIBAN LAIT AKKAWI ENTIER,LIBAN LAIT AKKAWI ENTIER,,250,250,,True,3.45,3.45,https://www.spinneyslebanon.com/default/libanlait-akkawi-entier-250g.html,https://d145dj1pf6foch.cloudfront.net/catalog/product/cache/e3aab6bdeb53db00d74a2d874a8ab952/4/5/456408-v001-1.jpg,Deli Dairy & Eggs /// Cheeses,Deli Dairy & Eggs /// Cheeses /// White Cheeses,"114 - Milk, Products & Eggs",2026-06-15
spinneys,11419.0,"Cheese in glasses, local",586077-V001,281334,BIHAR CREAM CHEESE SPREADABLE ,BIHAR CREAM CHEESE SPREADABLE ,,500,500,,True,4.39,4.39,https://www.spinneyslebanon.com/default/bihar-cream-cheese-spreadable-586077-v001.html,https://d145dj1pf6foch.cloudfront.net/catalog/product/cache/e3aab6bdeb53db00d74a2d874a8ab952/5/8/586077-v001-1.jpg,Deli Dairy & Eggs /// Cheeses,Deli Dairy & Eggs /// Cheeses /// Cream Cheese & Spreadables,"114 - Milk, Products & Eggs",2026-06-15
spinneys,11420.0,"Cheese in glasses, imported",133253-V001,2768,PUCK CHEESE SPREAD JAR,PUCK CHEESE SPREAD JAR,,500,500,,True,4.39,4.39,https://www.spinneyslebanon.com/default/puck-processed-cheese-jar-500g.html,https://d145dj1pf6foch.cloudfront.net/catalog/product/cache/e3aab6bdeb53db00d74a2d874a8ab952/1/3/133253-v001-1_2.jpg,Deli Dairy & Eggs /// Cheeses,Deli Dairy & Eggs /// Cheeses /// Cream Cheese & Spreadables,"114 - Milk, Products & Eggs",2026-06-15
spinneys,11421.0,"Triangle like processed cheese, local",480847-V001,69491,PICON PORTION CHEESE,PICON PORTION CHEESE,,120,120,,True,1.65,1.65,https://www.spinneyslebanon.com/default/picon-cheese-portions-120g.html,https://d145dj1pf6foch.cloudfront.net/catalog/product/cache/e3aab6bdeb53db00d74a2d874a8ab952/4/8/480847-v001-1_1.jpg,Deli Dairy & Eggs /// Cheeses,Deli Dairy & Eggs /// Cheeses /// Cream Cheese & Spreadables,"114 - Milk, Products & Eggs",2026-06-15
spinneys,11426.0,Cheese with cream (such as Kirri Cheese),108771-V001,10115,KIRI CHEESE SPREAD 24 PORTIONS,KIRI CHEESE SPREAD 24 PORTIONS,,400,400,,True,6.85,6.85,https://www.spinneyslebanon.com/default/kiri-cheese-spread-24-portions-432g.html,https://d145dj1pf6foch.cloudfront.net/catalog/product/cache/e3aab6bdeb53db00d74a2d874a8ab952/1/0/108771-v001-1_1_1.jpg,Deli Dairy & Eggs /// Cheeses,Deli Dairy & Eggs /// Cheeses /// Cream Cheese & Spreadables,"114 - Milk, Products & Eggs",2026-06-15
spinneys,11431.0,"Eggs, local",525452-V001,172606,COUCOU BROWN EGGS,COUCOU BROWN EGGS,,30,30,,True,4.69,4.69,https://www.spinneyslebanon.com/default/brown-eggs-525452-v001.html,https://d145dj1pf6foch.cloudfront.net/catalog/product/cache/e3aab6bdeb53db00d74a2d874a8ab952/5/2/525452-v001-1.jpg,Deli Dairy & Eggs /// Fresh Eggs,Deli Dairy & Eggs /// Fresh Eggs /// Eggs,"114 - Milk, Products & Eggs",2026-06-15
spinneys,11431.0,"Eggs, local",120178-V001,36229,HAWA CHICKEN EGGS RED 19-2000G,HAWA CHICKEN EGGS RED 19-2000G,,30,30,,True,4.99,4.99,https://www.spinneyslebanon.com/default/hawa-chicken-30-brown-eggs.html,https://d145dj1pf6foch.cloudfront.net/catalog/product/cache/e3aab6bdeb53db00d74a2d874a8ab952/1/2/120178-v001-1_1.jpg,Deli Dairy & Eggs /// Fresh Eggs,Deli Dairy & Eggs /// Fresh Eggs /// Eggs,"114 - Milk, Products & Eggs",2026-06-15
spinneys,11431.0,"Eggs, local",334464-V001,50221,SPINNEYS RED EGGS,SPINNEYS RED EGGS,,30,30,,True,4.59,4.59,https://www.spinneyslebanon.com/default/spinneys-red-eggs-30-pc.html,https://d145dj1pf6foch.cloudfront.net/catalog/product/cache/e3aab6bdeb53db00d74a2d874a8ab952/3/3/334464-v001-1.jpg,Deli Dairy & Eggs /// Fresh Eggs,Deli Dairy & Eggs /// Fresh Eggs /// Eggs,"114 - Milk, Products & Eggs",2026-06-15
spinneys,11501.0,"Butter , local",108454-V001,50698,LURPAK DANISH BUTTER,LURPAK DANISH BUTTER,,200,200,,True,2.69,2.69,https://www.spinneyslebanon.com/default/lurpack-unsalted-butter-200g.html,https://d145dj1pf6foch.cloudfront.net/catalog/product/cache/e3aab6bdeb53db00d74a2d874a8ab952/1/0/108454-v001-1_1.jpg,Deli Dairy & Eggs /// Butter & Margarine,Deli Dairy & Eggs /// Butter & Margarine /// Block Butter,115 - Oils and Fats,2026-06-15
spinneys,11501.0,"Butter , local",530072-V001,194339,PLEIN SOLEIL UNSALTED BUTTER,PLEIN SOLEIL UNSALTED BUTTER,,200,200,,True,1.99,1.99,https://www.spinneyslebanon.com/default/unsalted-butter.html,https://d145dj1pf6foch.cloudfront.net/catalog/product/cache/e3aab6bdeb53db00d74a2d874a8ab952/5/3/530072-v001-1_1.jpg,Deli Dairy & Eggs /// Butter & Margarine,Deli Dairy & Eggs /// Butter & Margarine /// Block Butter,115 - Oils and Fats,2026-06-15
spinneys,11504.0,Local fat ( beef),520840-V001,167542,BAKARA HALOUB(COW BRAND) BAKARA HALOUB GHEE,BAKARA HALOUB(COW BRAND) BAKARA HALOUB GHEE,,1,1,,False,26.99,26.99,https://www.spinneyslebanon.com/default/bakara-haloub-ghee-520840-v001.html,https://d145dj1pf6foch.cloudfront.net/catalog/product/cache/e3aab6bdeb53db00d74a2d874a8ab952/5/2/520840-v001-1_1.jpg,Food Cupboards /// Oils & Ghee,Food Cupboards /// Oils & Ghee /// Ghee,115 - Oils and Fats,2026-06-15
spinneys,11507.0,Vegetable oil for frying,352954-V001,185117,PLEIN SOLEIL CANOLA OIL,PLEIN SOLEIL CANOLA OIL,,3,3,,True,10.25,10.25,https://www.spinneyslebanon.com/default/canola-oil-352954-v001.html,https://d145dj1pf6foch.cloudfront.net/catalog/product/cache/e3aab6bdeb53db00d74a2d874a8ab952/3/5/352954-v001-1_1.jpg,Food Cupboards /// Oils & Ghee,Food Cupboards /// Oils & Ghee /// Vegetable Oils,115 - Oils and Fats,2026-06-15
spinneys,11508.0,"Olive oil , local",280726-V001,103819,SAIFAN SAIFAN PURE OLIVE OIL,SAIFAN SAIFAN PURE OLIVE OIL,,2,2,,True,36.99,36.99,https://www.spinneyslebanon.com/default/saifan-pure-olive-oil-280726-v001.html,https://d145dj1pf6foch.cloudfront.net/catalog/product/cache/e3aab6bdeb53db00d74a2d874a8ab952/2/8/280726-v001-1.jpg,Food Cupboards /// Oils & Ghee,Food Cupboards /// Oils & Ghee /// Olive Oil,115 - Oils and Fats,2026-06-15
spinneys,11509.0,"Olive oil , imported",502278-V001,41158,TARTUFI JIMMY OLIVE OIL WITH WHITE TRUFFLE,TARTUFI JIMMY OLIVE OIL WITH WHITE TRUFFLE,,250,250,,True,16.99,16.99,https://www.spinneyslebanon.com/default/tartufi-jimmy-olive-oil-with-white-truffle-250ml.html,https://d145dj1pf6foch.cloudfront.net/catalog/product/cache/e3aab6bdeb53db00d74a2d874a8ab952/5/0/502278-v001-1.jpg,Imported For You /// Chilled & Deli,Food Cupboards /// Oils & Ghee /// Olive Oil,115 - Oils and Fats,2026-06-15
spinneys,11510.0,Corn oil,411027-V001,14081,MAZOLA CORN OIL,MAZOLA CORN OIL,,3,3,,True,12.99,12.99,https://www.spinneyslebanon.com/default/mazola-corn-oil-3l.html,https://d145dj1pf6foch.cloudfront.net/catalog/product/cache/e3aab6bdeb53db00d74a2d874a8ab952/4/1/411027-v001-1_3.jpg,Food Cupboards /// Oils & Ghee,Food Cupboards /// Oils & Ghee /// Vegetable Oils,115 - Oils and Fats,2026-06-15
spinneys,11511.0,Sunflower oil,541287-V001,123509,MAZOLA SUNFLOWER OIL,MAZOLA SUNFLOWER OIL,,1,1,,True,5.89,5.89,https://www.spinneyslebanon.com/default/sunflower-oil-541287-v001.html,https://d145dj1pf6foch.cloudfront.net/catalog/product/cache/e3aab6bdeb53db00d74a2d874a8ab952/5/4/541287-v001-1.jpg,Food Cupboards /// Oils & Ghee,Food Cupboards /// Oils & Ghee /// Vegetable Oils,115 - Oils and Fats,2026-06-15
spinneys,11511.0,Sunflower oil,334958-V001,50230,PLEIN SOLEIL SUNFLOWER OIL,PLEIN SOLEIL SUNFLOWER OIL,,3,3,,True,9.49,9.49,https://www.spinneyslebanon.com/default/sunflower-oil-334958-v001.html,https://d145dj1pf6foch.cloudfront.net/catalog/product/cache/e3aab6bdeb53db00d74a2d874a8ab952/3/3/334958-v001-1.jpg,Food Cupboards /// Oils & Ghee,Food Cupboards /// Oils & Ghee /// Vegetable Oils,115 - Oils and Fats,2026-06-15
spinneys,11601.0,Red apples,141826-V001,3578,APPLE DOUBLE RED REGULAR,APPLE DOUBLE RED REGULAR,,1,1,,True,4.29,4.29,https://www.spinneyslebanon.com/default/double-red-apple-fresh-fruit-extra-per-kg.html,https://d145dj1pf6foch.cloudfront.net/catalog/product/cache/e3aab6bdeb53db00d74a2d874a8ab952/1/4/141826-v001-1_1.jpg,Fruits & Vegetables /// Fresh Fruits,,116 - Fruit and Nuts,2026-06-15
spinneys,11602.0,Yellow apples,171478-V001,4457,APPLE GOLDEN DELICI EXTRA,APPLE GOLDEN DELICI EXTRA,,1,1,,True,5.57,5.57,https://www.spinneyslebanon.com/default/golden-delicious-apple-fresh-fruit-extra-per-kg.html,https://d145dj1pf6foch.cloudfront.net/catalog/product/cache/e3aab6bdeb53db00d74a2d874a8ab952/1/7/171478-v001-1.jpg,Fruits & Vegetables /// Fresh Fruits,,116 - Fruit and Nuts,2026-06-15
spinneys,11603.0,"Grapes, local",109620-V001,36202,OAKLEAF RED LOCAL,OAKLEAF RED LOCAL,,1,1,,True,0.78,0.78,https://www.spinneyslebanon.com/default/oakleaf-red-lettuce-local-per-piece.html,https://d145dj1pf6foch.cloudfront.net/catalog/product/cache/e3aab6bdeb53db00d74a2d874a8ab952/1/0/109620-v001-1.jpg,Fruits & Vegetables /// Fresh Vegetables,Fruits & Vegetables /// Fresh Vegetables /// Herbs & Leaves,116 - Fruit and Nuts,2026-06-15
spinneys,11604.0,"Grapes, imported",210944-V001,233451,GRAPE WHITE BAG IMP,GRAPE WHITE BAG IMP,,1,1,,True,10.03,10.03,https://www.spinneyslebanon.com/default/grapes-thompson-imp.html,https://d145dj1pf6foch.cloudfront.net/catalog/product/cache/e3aab6bdeb53db00d74a2d874a8ab952/2/1/210944-v001-1.jpg,Fruits & Vegetables /// Fresh Fruits,,116 - Fruit and Nuts,2026-06-15
spinneys,11605.0,Bananas,109105-V001,1319,BANANA SOMALI,BANANA SOMALI,,1,1,,True,2.62,2.62,https://www.spinneyslebanon.com/default/banana-somali-fresh-fruit-per-kg.html,https://d145dj1pf6foch.cloudfront.net/catalog/product/cache/e3aab6bdeb53db00d74a2d874a8ab952/1/0/109105-v001-1_3.jpg,Fruits & Vegetables /// Fresh Fruits,,116 - Fruit and Nuts,2026-06-15
spinneys,11606.0,Oranges,108988-V001,1301,ORANGE NAVEL EXTRA,ORANGE NAVEL EXTRA,,1,1,,True,4.18,4.18,https://www.spinneyslebanon.com/default/navel-oranges-extra-fruit-per-kg.html,https://d145dj1pf6foch.cloudfront.net/catalog/product/cache/e3aab6bdeb53db00d74a2d874a8ab952/1/0/108988-v001-1_3.jpg,Fruits & Vegetables /// Fresh Fruits,,116 - Fruit and Nuts,2026-06-15
spinneys,11607.0,Mandarin oranges,230169-V001,5480,CLEMENTINE LOOSE,CLEMENTINE LOOSE,,1,1,,True,6.69,6.69,https://www.spinneyslebanon.com/default/loose-clementine-fruit-per-kg.html,https://d145dj1pf6foch.cloudfront.net/catalog/product/cache/e3aab6bdeb53db00d74a2d874a8ab952/2/3/230169-v001-1_1.jpg,Fruits & Vegetables /// Fresh Fruits,,116 - Fruit and Nuts,2026-06-15
spinneys,11608.0,Watermelon,120178-V001,36229,HAWA CHICKEN EGGS RED 19-2000G,HAWA CHICKEN EGGS RED 19-2000G,,30,30,,True,4.99,4.99,https://www.spinneyslebanon.com/default/hawa-chicken-30-brown-eggs.html,https://d145dj1pf6foch.cloudfront.net/catalog/product/cache/e3aab6bdeb53db00d74a2d874a8ab952/1/2/120178-v001-1_1.jpg,Deli Dairy & Eggs /// Fresh Eggs,Deli Dairy & Eggs /// Fresh Eggs /// Eggs,116 - Fruit and Nuts,2026-06-15
spinneys,11609.0,Melon,109179-V001,271167,PRODUCE PAPAYA IMPORTED,PRODUCE PAPAYA IMPORTED,,1,1,,True,16.72,16.72,https://www.spinneyslebanon.com/default/spinneys-produce-papaya-imported-109179-v001.html,https://d145dj1pf6foch.cloudfront.net/catalog/product/cache/e3aab6bdeb53db00d74a2d874a8ab952/1/0/109179-v001-1_4.jpg,Fruits & Vegetables /// Fresh Fruits,,116 - Fruit and Nuts,2026-06-15
spinneys,11612.0,Pears,367374-V001,179498,PEAR KOSHIA IMPORT,PEAR KOSHIA IMPORT,,1,1,,True,5.57,5.57,https://www.spinneyslebanon.com/default/pear-koshia-imported.html,https://d145dj1pf6foch.cloudfront.net/catalog/product/cache/e3aab6bdeb53db00d74a2d874a8ab952/3/6/367374-v001-1.jpg,Fruits & Vegetables /// Fresh Fruits,,116 - Fruit and Nuts,2026-06-15
spinneys,11613.0,Dates,135825-V001,253909,DATES BIRHI IMP,DATES BIRHI IMP,,1,1,,True,22.3,22.3,https://www.spinneyslebanon.com/default/dates-birhi-imp-135825-v001.html,https://d145dj1pf6foch.cloudfront.net/catalog/product/cache/e3aab6bdeb53db00d74a2d874a8ab952/1/3/135825-v001-1_2.jpg,,,116 - Fruit and Nuts,2026-06-15
spinneys,11614.0,Peache,109083-V001,245235,PEACH YELLOW,PEACH YELLOW,,1,1,,True,3.9,3.9,https://www.spinneyslebanon.com/default/peach-yellow-109083-v001.html,https://d145dj1pf6foch.cloudfront.net/catalog/product/cache/e3aab6bdeb53db00d74a2d874a8ab952/1/0/109083-v001-1_4.jpg,Fruits & Vegetables /// Fresh Fruits,,116 - Fruit and Nuts,2026-06-15
spinneys,11615.0,Pomegranates,141453-V001,3506,POMMEGRANATE SWEET,POMMEGRANATE SWEET,,1,1,,True,4.18,4.18,https://www.spinneyslebanon.com/default/sweet-pomegranate-fresh-fruit-per-kg.html,https://d145dj1pf6foch.cloudfront.net/catalog/product/cache/e3aab6bdeb53db00d74a2d874a8ab952/1/4/141453-v001-1_2.jpg,Fruits & Vegetables /// Fresh Fruits,,116 - Fruit and Nuts,2026-06-15
spinneys,11616.0,Lemon,108978-V001,1295,LEMON LOOSE,LEMON LOOSE,,1,1,,True,3.34,3.34,https://www.spinneyslebanon.com/default/loose-lemon-per-kg.html,https://d145dj1pf6foch.cloudfront.net/catalog/product/cache/e3aab6bdeb53db00d74a2d874a8ab952/1/0/108978-v001-1_3.jpg,Fruits & Vegetables /// Fresh Fruits,,116 - Fruit and Nuts,2026-06-15
spinneys,11618.0,Mangoes,109173-V001,1340,MANGO IMPORTED,MANGO IMPORTED,,1,1,,True,7.25,7.25,https://www.spinneyslebanon.com/default/mango-fresh-fruit-imported-per-kg.html,https://d145dj1pf6foch.cloudfront.net/catalog/product/cache/e3aab6bdeb53db00d74a2d874a8ab952/1/0/109173-v001-1_4.jpg,Fruits & Vegetables /// Fresh Fruits,,116 - Fruit and Nuts,2026-06-15
spinneys,11628.0,Kiwi,172726-V001,4478,PANIER NAT BALADY EGGS BASKET,PANIER NAT BALADY EGGS BASKET,,12,12,,True,7.25,7.25,https://www.spinneyslebanon.com/default/panier-naturel-baladi-eggs-basket-12-pieces.html,https://d145dj1pf6foch.cloudfront.net/catalog/product/cache/e3aab6bdeb53db00d74a2d874a8ab952/1/7/172726-v001-1_3.jpg,Deli Dairy & Eggs /// Fresh Eggs,Deli Dairy & Eggs /// Fresh Eggs /// Eggs,116 - Fruit and Nuts,2026-06-15
spinneys,11645.0,Dates (canned),535183-V001,236553,ROMAN DATES KHOUDARY CRYSTAL,ROMAN DATES KHOUDARY CRYSTAL,,1,1,,True,9.99,9.99,https://www.spinneyslebanon.com/default/dates-khidri-crystal.html,https://d145dj1pf6foch.cloudfront.net/catalog/product/cache/e3aab6bdeb53db00d74a2d874a8ab952/5/3/535183-v001-1_1.jpg,Fruits & Vegetables /// Fresh Fruits,,116 - Fruit and Nuts,2026-06-15
spinneys,11646.0,Dates (Balance),535182-V001,252754,ROMAN DATES KHIDRI,ROMAN DATES KHIDRI,,500,500,,True,3.9,3.9,https://www.spinneyslebanon.com/default/dates-khidri-535182-v001.html,https://d145dj1pf6foch.cloudfront.net/catalog/product/cache/e3aab6bdeb53db00d74a2d874a8ab952/5/3/535182-v001-1_2.jpg,,,116 - Fruit and Nuts,2026-06-15
spinneys,11652.0,Seeds,506941-V001,123188,CASTANIA UNSALTED SUNFLOWER SEEDS,CASTANIA UNSALTED SUNFLOWER SEEDS,,150,150,,True,1.25,1.25,https://www.spinneyslebanon.com/default/unsalted-sunflower-seeds-506941-v001.html,https://d145dj1pf6foch.cloudfront.net/catalog/product/cache/e3aab6bdeb53db00d74a2d874a8ab952/5/0/506941-v001-1.jpg,Snacks & Candy /// Nuts & Energy Mixes,Snacks & Candy /// Nuts & Energy Mixes /// Nuts & Energy Mixes,116 - Fruit and Nuts,2026-06-15
spinneys,11656.0,Mixed nuts,145803-V001,131267,CASTANIA MIXED N/NUTS,CASTANIA MIXED N/NUTS,,250,250,,True,5.75,5.75,https://www.spinneyslebanon.com/default/mixed-n-nuts.html,https://d145dj1pf6foch.cloudfront.net/catalog/product/cache/e3aab6bdeb53db00d74a2d874a8ab952/1/4/145803-v001-1.jpg,Snacks & Candy /// Nuts & Energy Mixes,Snacks & Candy /// Nuts & Energy Mixes /// Nuts & Energy Mixes,116 - Fruit and Nuts,2026-06-15
spinneys,11657.0,cashew,111832-V001,1646,CASTANIA CASHEW EXTRA,CASTANIA CASHEW EXTRA,,75,75,,True,1.59,1.59,https://www.spinneyslebanon.com/default/castania-cashew-extra-bag-100g.html,https://d145dj1pf6foch.cloudfront.net/catalog/product/cache/e3aab6bdeb53db00d74a2d874a8ab952/1/1/111832-v001-1_4.jpg,Snacks & Candy /// Nuts & Energy Mixes,Snacks & Candy /// Nuts & Energy Mixes /// Nuts & Energy Mixes,116 - Fruit and Nuts,2026-06-15
spinneys,11660.0,Grapes,109539-V001,1448,GRAPE TOMATO PUNNET,GRAPE TOMATO PUNNET,,450,450,,True,1.28,1.28,https://www.spinneyslebanon.com/default/grape-tomato-packed-in-a-box-450g.html,https://d145dj1pf6foch.cloudfront.net/catalog/product/cache/e3aab6bdeb53db00d74a2d874a8ab952/1/0/109539-v001-1_4.jpg,Fruits & Vegetables /// Fresh Vegetables,Fruits & Vegetables /// Fresh Vegetables /// Vegetables,116 - Fruit and Nuts,2026-06-15
spinneys,11701.0,Green beans,303890-V001,36757,AL WADI AL AKHDAR CUT GREEN BEANS,AL WADI AL AKHDAR CUT GREEN BEANS,,400,400,,True,2,2,https://www.spinneyslebanon.com/default/al-wadi-al-akhdar-cut-green-beans.html,https://d145dj1pf6foch.cloudfront.net/catalog/product/cache/e3aab6bdeb53db00d74a2d874a8ab952/3/0/303890-v001-1_1_1.jpg,Frozen /// Vegetables,Frozen /// Vegetables /// Vegetables Whole,117 - Vegetables,2026-06-15
spinneys,11704.0,Okra,499314-V001,51520,AL WADI AL AKHDAR BABY OKRA MEDIUM,AL WADI AL AKHDAR BABY OKRA MEDIUM,,400,400,,True,2.54,2.54,https://www.spinneyslebanon.com/default/al-wadi-al-akhdar-baby-okra-medium.html,https://d145dj1pf6foch.cloudfront.net/catalog/product/cache/e3aab6bdeb53db00d74a2d874a8ab952/4/9/499314-v001-1_1_1.jpg,Frozen /// Vegetables,Frozen /// Vegetables /// Vegetables Whole,117 - Vegetables,2026-06-15
spinneys,11705.0,"Black  Eggplant, local",109449-V001,1445,EGGPLANT ROUND XTRA,EGGPLANT ROUND XTRA,,1,1,,True,1,1,https://www.spinneyslebanon.com/default/round-eggplant-extra-per-kg.html,https://d145dj1pf6foch.cloudfront.net/catalog/product/cache/e3aab6bdeb53db00d74a2d874a8ab952/1/0/109449-v001-1_3.jpg,Fruits & Vegetables /// Fresh Vegetables,Fruits & Vegetables /// Fresh Vegetables /// Vegetables,117 - Vegetables,2026-06-15
spinneys,11707.0,Marrow,109431-V001,1439,COURGETTES GREEN LOOSE,COURGETTES GREEN LOOSE,,1,1,,True,1.51,1.51,https://www.spinneyslebanon.com/default/loose-green-courgettes-per-kg.html,https://d145dj1pf6foch.cloudfront.net/catalog/product/cache/e3aab6bdeb53db00d74a2d874a8ab952/1/0/109431-v001-1_4.jpg,Fruits & Vegetables /// Fresh Vegetables,Fruits & Vegetables /// Fresh Vegetables /// Vegetables,117 - Vegetables,2026-06-15
spinneys,11708.0,Gourd,109439-V001,175844,PUMPKIN,PUMPKIN,,1,1,,True,3.34,3.34,https://www.spinneyslebanon.com/default/pumpkin-109439-v001.html,https://d145dj1pf6foch.cloudfront.net/catalog/product/cache/e3aab6bdeb53db00d74a2d874a8ab952/1/0/109439-v001-1.jpg,Fruits & Vegetables /// Fresh Vegetables,Fruits & Vegetables /// Fresh Vegetables /// Vegetables,117 - Vegetables,2026-06-15
spinneys,11709.0,Cucumber,109603-V001,1463,CUCUMBER LOOSE,CUCUMBER LOOSE,,1,1,,True,1.06,1.06,https://www.spinneyslebanon.com/default/loose-cucumber-per-kg.html,https://d145dj1pf6foch.cloudfront.net/catalog/product/cache/e3aab6bdeb53db00d74a2d874a8ab952/1/0/109603-v001-1_3.jpg,Fruits & Vegetables /// Fresh Vegetables,Fruits & Vegetables /// Fresh Vegetables /// Vegetables,117 - Vegetables,2026-06-15
spinneys,11711.0,"Green pepper, sweet",109722-V001,1475,CAPSICUM GREEN LOCAL,CAPSICUM GREEN LOCAL,,1,1,,True,1.78,1.78,https://www.spinneyslebanon.com/default/green-capsicum-local-per-kg.html,https://d145dj1pf6foch.cloudfront.net/catalog/product/cache/e3aab6bdeb53db00d74a2d874a8ab952/1/0/109722-v001-1_3.jpg,Fruits & Vegetables /// Fresh Vegetables,Fruits & Vegetables /// Fresh Vegetables /// Vegetables,117 - Vegetables,2026-06-15
spinneys,11712.0,"Green pepper, hot",545053-V001,162094,MIN EL DAYAA HOT PEPPER PICKLES JAR,MIN EL DAYAA HOT PEPPER PICKLES JAR,,640,640,,True,3.25,3.25,https://www.spinneyslebanon.com/default/hot-pepper-pickles-jar-545053-v001.html,https://d145dj1pf6foch.cloudfront.net/catalog/product/cache/e3aab6bdeb53db00d74a2d874a8ab952/5/4/545053-v001-1.jpg,Food Cupboards /// Pickles & Olives,Food Cupboards /// Pickles & Olives /// Pickled Vegetables,117 - Vegetables,2026-06-15
spinneys,11714.0,"Tomato , local",134689-V001,2894,TOMATO JABALI,TOMATO JABALI,,1,1,,True,3.34,3.34,https://www.spinneyslebanon.com/default/tomato-jabali-heirloom-per-kg.html,https://d145dj1pf6foch.cloudfront.net/catalog/product/cache/e3aab6bdeb53db00d74a2d874a8ab952/1/3/134689-v001-1_1.jpg,Fruits & Vegetables /// Fresh Vegetables,Fruits & Vegetables /// Fresh Vegetables /// Vegetables,117 - Vegetables,2026-06-15
spinneys,11715.0,"Tomato, imported",364184-V001,205410,TOMATO CLUSTER,TOMATO CLUSTER,,1,1,,True,0.89,0.89,https://www.spinneyslebanon.com/default/g-tomato-cluster.html,https://d145dj1pf6foch.cloudfront.net/catalog/product/cache/e3aab6bdeb53db00d74a2d874a8ab952/3/6/364184-v001-1_1.jpg,Fruits & Vegetables /// Fresh Vegetables,Fruits & Vegetables /// Fresh Vegetables /// Vegetables,117 - Vegetables,2026-06-15
spinneys,11718.0,Molokia,435356-V001,51229,PLEIN SOLEIL MLOUKHIEH LEAVES,PLEIN SOLEIL MLOUKHIEH LEAVES,,400,400,,False,1.79,1.79,https://www.spinneyslebanon.com/default/p-soleil-mloukhieh-leaves-400g.html,https://d145dj1pf6foch.cloudfront.net/catalog/product/cache/e3aab6bdeb53db00d74a2d874a8ab952/4/3/435356-v001-1_3.jpg,Frozen /// Vegetables,Frozen /// Vegetables /// Vegetable Leaves,117 - Vegetables,2026-06-15
spinneys,11719.0,Lettuce,109641-V001,1469,ROMAINE LETTUCE EXTRA,ROMAINE LETTUCE EXTRA,,1,1,,True,2.01,2.01,https://www.spinneyslebanon.com/default/romaine-lettuce-extra-1-pc.html,https://d145dj1pf6foch.cloudfront.net/catalog/product/cache/e3aab6bdeb53db00d74a2d874a8ab952/1/0/109641-v001-1_3.jpg,Fruits & Vegetables /// Fresh Vegetables,Fruits & Vegetables /// Fresh Vegetables /// Herbs & Leaves,117 - Vegetables,2026-06-15
spinneys,11733.0,"Ball onions , local",134448-V001,2873,ONION WHITE LOCAL,ONION WHITE LOCAL,,1,1,,True,1.23,1.23,https://www.spinneyslebanon.com/default/white-onion-local-per-kg.html,https://d145dj1pf6foch.cloudfront.net/catalog/product/cache/e3aab6bdeb53db00d74a2d874a8ab952/1/3/134448-v001-1_1.jpg,Fruits & Vegetables /// Fresh Vegetables,Fruits & Vegetables /// Fresh Vegetables /// Vegetables,117 - Vegetables,2026-06-15
spinneys,11734.0,"Ball onions , imported",109259-V001,1382,INDIAN ONION,INDIAN ONION,,1,1,,True,1.39,1.39,https://www.spinneyslebanon.com/default/indian-red-onion-per-kg.html,https://d145dj1pf6foch.cloudfront.net/catalog/product/cache/e3aab6bdeb53db00d74a2d874a8ab952/1/0/109259-v001-1_3.jpg,Fruits & Vegetables /// Fresh Vegetables,Fruits & Vegetables /// Fresh Vegetables /// Vegetables,117 - Vegetables,2026-06-15
spinneys,11735.0,Garlic,413493-V001,14348,COUCOU GARLIC HERBS CHICKEN,COUCOU GARLIC HERBS CHICKEN,,1,1,,True,12.99,12.99,https://www.spinneyslebanon.com/default/coucou-garlic-herbs-chicken-per-kg.html,https://d145dj1pf6foch.cloudfront.net/catalog/product/cache/e3aab6bdeb53db00d74a2d874a8ab952/4/1/413493-v001-1_6.jpg,Meat Poultry & Fish /// Poultry,Meat Poultry & Fish /// Poultry /// Pre-Packed Chicken,117 - Vegetables,2026-06-15
spinneys,11740.0,Lentils,544066-V001,152715,SPINNEYS SPINNEYS LARGE LENTILS,SPINNEYS SPINNEYS LARGE LENTILS,,900,900,,True,2.19,2.19,https://www.spinneyslebanon.com/default/spinneys-large-lentils-544066-v001.html,https://d145dj1pf6foch.cloudfront.net/catalog/product/cache/e3aab6bdeb53db00d74a2d874a8ab952/5/4/544066-v001-1.jpg,Food Cupboards /// Rice Pasta & Pulses,Food Cupboards /// Rice Pasta & Pulses /// Beans & Pulses,117 - Vegetables,2026-06-15
spinneys,11756.0,"Horsebeans, canned",109368-V001,36184,FAVA BEANS LOOSE,FAVA BEANS LOOSE,,1,1,,True,1.11,1.11,https://www.spinneyslebanon.com/default/fresh-fava-beans-per-kg.html,https://d145dj1pf6foch.cloudfront.net/catalog/product/cache/e3aab6bdeb53db00d74a2d874a8ab952/1/0/109368-v001-1.jpg,Fruits & Vegetables /// Fresh Vegetables,Fruits & Vegetables /// Fresh Vegetables /// Vegetables,117 - Vegetables,2026-06-15
spinneys,11757.0,"Tomato paste, local",414180-V001,185936,PLEIN SOLEIL TOMATON PASTE,PLEIN SOLEIL TOMATON PASTE,,1,1,,True,2.87,2.87,https://www.spinneyslebanon.com/default/tomaton-paste.html,https://d145dj1pf6foch.cloudfront.net/catalog/product/cache/e3aab6bdeb53db00d74a2d874a8ab952/4/1/414180-v001-1_1.jpg,Food Cupboards /// Sauces & Dressings,Food Cupboards /// Sauces & Dressings /// Tomato Sauce & Paste,117 - Vegetables,2026-06-15
spinneys,11777.0,Frozen potato Chips,441877-V001,50362,PLEIN SOLEIL FRENCH FRIES,PLEIN SOLEIL FRENCH FRIES,,900,900,,True,2.09,2.09,https://www.spinneyslebanon.com/default/p-soleil-french-fries-900g.html,https://d145dj1pf6foch.cloudfront.net/catalog/product/cache/e3aab6bdeb53db00d74a2d874a8ab952/4/4/441877-v001-1_2_1.jpg,Frozen /// Potatoes,E-Bazaar /// Daily Essentials /// Frozen Favorites,117 - Vegetables,2026-06-15
spinneys,11788.0,Potatoes- local,109291-V001,1397,POTATO LOOSE,POTATO LOOSE,,1,1,,True,0.45,0.45,https://www.spinneyslebanon.com/default/loose-potato-per-kg.html,https://d145dj1pf6foch.cloudfront.net/catalog/product/cache/e3aab6bdeb53db00d74a2d874a8ab952/1/0/109291-v001-1_3.jpg,Fruits & Vegetables /// Fresh Vegetables,Fruits & Vegetables /// Fresh Vegetables /// Vegetables,117 - Vegetables,2026-06-15
spinneys,11791.0,Carrots,109272-V001,1388,CARROT LOOSE,CARROT LOOSE,,1,1,,True,2.23,2.23,https://www.spinneyslebanon.com/default/loose-carrots-per-kg.html,https://d145dj1pf6foch.cloudfront.net/catalog/product/cache/e3aab6bdeb53db00d74a2d874a8ab952/1/0/109272-v001-1_3.jpg,Fruits & Vegetables /// Fresh Vegetables,Fruits & Vegetables /// Fresh Vegetables /// Vegetables,117 - Vegetables,2026-06-15
spinneys,11801.0,Coarse sugar,559950-V001,176159,MIN EL DAYAA WHITE SUGAR,MIN EL DAYAA WHITE SUGAR,,900,900,,True,0.99,0.99,https://www.spinneyslebanon.com/default/white-sugar-559950-v001.html,https://d145dj1pf6foch.cloudfront.net/catalog/product/cache/e3aab6bdeb53db00d74a2d874a8ab952/5/5/559950-v001-1.jpg,Food Cupboards /// Sugar Home Bake & Desserts,Food Cupboards /// Sugar Home Bake & Desserts /// Sugar & Sugar Substitutes,"118 - Sugar, Jam, Honey & Confectionery",2026-06-15
spinneys,11801.0,Coarse sugar,344465-V001,106815,ALOSRA WHITE SUGAR,ALOSRA WHITE SUGAR,,5,5,,True,4.29,4.29,https://www.spinneyslebanon.com/default/white-sugar.html,https://d145dj1pf6foch.cloudfront.net/catalog/product/cache/e3aab6bdeb53db00d74a2d874a8ab952/3/4/344465-v001-1_3.jpg,Food Cupboards /// Sugar Home Bake & Desserts,Food Cupboards /// Sugar Home Bake & Desserts /// Sugar & Sugar Substitutes,"118 - Sugar, Jam, Honey & Confectionery",2026-06-15
spinneys,11801.0,Coarse sugar,542758-V001,155905,SPINNEYS WHITE SUGAR SPINNEYS,SPINNEYS WHITE SUGAR SPINNEYS,,900,900,,True,0.9,0.9,https://www.spinneyslebanon.com/default/white-sugar-542758-v001.html,https://d145dj1pf6foch.cloudfront.net/catalog/product/cache/e3aab6bdeb53db00d74a2d874a8ab952/5/4/542758-v001-1.jpg,Food Cupboards /// Sugar Home Bake & Desserts,Food Cupboards /// Sugar Home Bake & Desserts /// Sugar & Sugar Substitutes,"118 - Sugar, Jam, Honey & Confectionery",2026-06-15
spinneys,11802.0,Soft sugar,126400-V001,2402,HBOUBNA POWDER SUGAR,HBOUBNA POWDER SUGAR,,1,1,,True,2.35,2.35,https://www.spinneyslebanon.com/default/hboubna-powder-sugar-1kg.html,https://d145dj1pf6foch.cloudfront.net/catalog/product/cache/e3aab6bdeb53db00d74a2d874a8ab952/1/2/126400-v001-1_2.jpg,Food Cupboards /// Sugar Home Bake & Desserts,Food Cupboards /// Sugar Home Bake & Desserts /// Sugar & Sugar Substitutes,"118 - Sugar, Jam, Honey & Confectionery",2026-06-15
spinneys,11807.0,"Jam , local",583783-V001,266919,MIN EL DAYAA APRICOT JAM,MIN EL DAYAA APRICOT JAM,,370,370,,True,2.79,2.79,https://www.spinneyslebanon.com/default/min-el-dayaa-apricot-jam-583783-v001.html,https://d145dj1pf6foch.cloudfront.net/catalog/product/cache/e3aab6bdeb53db00d74a2d874a8ab952/5/8/583783-v001-1.jpg,Food Cupboards /// Jam Honey & Spreads,Food Cupboards /// Jam Honey & Spreads /// Jam,"118 - Sugar, Jam, Honey & Confectionery",2026-06-15
spinneys,11807.0,"Jam , local",584896-V001,238713,SPINNEYS APRICOT JAM,SPINNEYS APRICOT JAM,,370,370,,True,2.65,2.65,https://www.spinneyslebanon.com/default/apricot-jam-584896-v001.html,https://d145dj1pf6foch.cloudfront.net/catalog/product/cache/e3aab6bdeb53db00d74a2d874a8ab952/5/8/584896-v001-1.jpg,Food Cupboards /// Jam Honey & Spreads,Food Cupboards /// Jam Honey & Spreads /// Jam,"118 - Sugar, Jam, Honey & Confectionery",2026-06-15
spinneys,11809.0,"Halwah tahinia, local",411685-V001,40147,AL KANATER HALAWA PLAIN,AL KANATER HALAWA PLAIN,,900,900,,True,4.79,4.79,https://www.spinneyslebanon.com/default/al-kanater-halawa-plain-900g.html,https://d145dj1pf6foch.cloudfront.net/catalog/product/cache/e3aab6bdeb53db00d74a2d874a8ab952/4/1/411685-V001.jpg,Food Cupboards /// Jam Honey & Spreads,Food Cupboards /// Jam Honey & Spreads /// Halawa,"118 - Sugar, Jam, Honey & Confectionery",2026-06-15
spinneys,11812.0,"Chocolate bars, local",394904-V001,122276,TUTTI FRUTTI TUTTI FRUTTI,TUTTI FRUTTI TUTTI FRUTTI,,29,29,,True,0.7,0.7,https://www.spinneyslebanon.com/default/tutti-frutti-394904-v001.html,https://d145dj1pf6foch.cloudfront.net/catalog/product/cache/e3aab6bdeb53db00d74a2d874a8ab952/3/9/394904-v001-1.jpg,Snacks & Candy /// Chocolate,Snacks & Candy /// Chocolate /// Bars,"118 - Sugar, Jam, Honey & Confectionery",2026-06-15
spinneys,11812.0,"Chocolate bars, local",104874-V001,54007,UNICA UNICA,UNICA UNICA,,18,18,,True,0.19,0.19,https://www.spinneyslebanon.com/default/unica-unica-27g.html,https://d145dj1pf6foch.cloudfront.net/catalog/product/cache/e3aab6bdeb53db00d74a2d874a8ab952/1/0/104874-v001-1.jpg,Snacks & Candy /// Sweet Snacks,Snacks & Candy /// Sweet Snacks /// Wafers,"118 - Sugar, Jam, Honey & Confectionery",2026-06-15
spinneys,11812.0,"Chocolate bars, local",586920-V001,246264,UNICA UNICA MAX ORIGINAL,UNICA UNICA MAX ORIGINAL,,45,45,,True,0.49,0.49,https://www.spinneyslebanon.com/default/unica-max.html,https://d145dj1pf6foch.cloudfront.net/catalog/product/cache/e3aab6bdeb53db00d74a2d874a8ab952/5/8/586920-v001-1_2.jpg,Snacks & Candy /// Sweet Snacks,Snacks & Candy /// Sweet Snacks /// Wafers,"118 - Sugar, Jam, Honey & Confectionery",2026-06-15
spinneys,11813.0,"Chocolate bars, imported",105029-V001,791,MALTESERS CHOCOLATE ROUND,MALTESERS CHOCOLATE ROUND,,37,37,,True,1.45,1.45,https://www.spinneyslebanon.com/default/maltesers-round-milk-chocolate-pack-37g.html,https://d145dj1pf6foch.cloudfront.net/catalog/product/cache/e3aab6bdeb53db00d74a2d874a8ab952/1/0/105029-v001-1_3.jpg,Snacks & Candy /// Chocolate,Snacks & Candy /// Chocolate /// Bags,"118 - Sugar, Jam, Honey & Confectionery",2026-06-15
spinneys,11813.0,"Chocolate bars, imported",104891-V001,100509,KITKAT KIT KAT 4 FINGERS,KITKAT KIT KAT 4 FINGERS,,36,36,,True,0.67,0.67,https://www.spinneyslebanon.com/default/kit-kat-4-fingers.html,https://d145dj1pf6foch.cloudfront.net/catalog/product/cache/e3aab6bdeb53db00d74a2d874a8ab952/1/0/104891-v001-1.jpg,Snacks & Candy /// Chocolate,Snacks & Candy /// Chocolate /// Bars,"118 - Sugar, Jam, Honey & Confectionery",2026-06-15
spinneys,11813.0,"Chocolate bars, imported",105014-V001,761,SNICKERS SNICKERS BAR CHOCO,SNICKERS SNICKERS BAR CHOCO,,40,40,,True,0.7,0.7,https://www.spinneyslebanon.com/default/snickers-chocolate-bar-50g.html,https://d145dj1pf6foch.cloudfront.net/catalog/product/cache/e3aab6bdeb53db00d74a2d874a8ab952/1/0/105014-v001-1_3.jpg,Snacks & Candy /// Chocolate,Snacks & Candy /// Chocolate /// Bars,"118 - Sugar, Jam, Honey & Confectionery",2026-06-15
spinneys,11813.0,"Chocolate bars, imported",105011-V001,1154,MARS CHOCOLATE BAR,MARS CHOCOLATE BAR,,40,40,,True,0.7,0.7,https://www.spinneyslebanon.com/default/mars-chocolate-bar-51g.html,https://d145dj1pf6foch.cloudfront.net/catalog/product/cache/e3aab6bdeb53db00d74a2d874a8ab952/1/0/105011-v001-1_3.jpg,Snacks & Candy /// Chocolate,Snacks & Candy /// Chocolate /// Bars,"118 - Sugar, Jam, Honey & Confectionery",2026-06-15
spinneys,11814.0,"Chocolate ,Childrens Sweets",137511-V001,177899,KINDER BARETTES CHOCOLATE,KINDER BARETTES CHOCOLATE,,50,50,,True,1.1,1.1,https://www.spinneyslebanon.com/default/kinder-chocolate-small-bars-pack-50g.html,https://d145dj1pf6foch.cloudfront.net/catalog/product/cache/e3aab6bdeb53db00d74a2d874a8ab952/1/3/137511-v001-1_2.jpg,Snacks & Candy /// Chocolate,Snacks & Candy /// Chocolate /// Bars,"118 - Sugar, Jam, Honey & Confectionery",2026-06-15
spinneys,11819.0,Local honey,529862-V001,185519,JABAL EL SHEIKH JAS NATURAL HONEY,JABAL EL SHEIKH JAS NATURAL HONEY,,225,225,,True,3.99,3.99,https://www.spinneyslebanon.com/default/jas-natural-honey.html,https://d145dj1pf6foch.cloudfront.net/catalog/product/cache/e3aab6bdeb53db00d74a2d874a8ab952/5/2/529862-v001-1_1_1.jpg,Food Cupboards /// Jam Honey & Spreads,Food Cupboards /// Jam Honey & Spreads /// Honey,"118 - Sugar, Jam, Honey & Confectionery",2026-06-15
spinneys,11820.0,Imported honey,599805-V001,260694,WAITROSE PURE CLEAR HONEY,WAITROSE PURE CLEAR HONEY,,454,454,,True,7.49,7.49,https://www.spinneyslebanon.com/default/waitrose-pure-clear-honey-599805-v001.html,https://d145dj1pf6foch.cloudfront.net/catalog/product/cache/e3aab6bdeb53db00d74a2d874a8ab952/5/9/599805-v001-1.jpg,Food Cupboards /// Jam Honey & Spreads,Food Cupboards /// Jam Honey & Spreads /// Honey,"118 - Sugar, Jam, Honey & Confectionery",2026-06-15
spinneys,11823.0,Ice Cream All Types,261211-V001,195764,LONDON DAIRY ICE CREAM DOUBLE CHOCO CUP,LONDON DAIRY ICE CREAM DOUBLE CHOCO CUP,,125,125,,True,2.06,2.06,https://www.spinneyslebanon.com/default/ice-cream-double-choco-cup-261211-v001.html,https://d145dj1pf6foch.cloudfront.net/catalog/product/cache/e3aab6bdeb53db00d74a2d874a8ab952/2/6/261211-v001-1.jpg,Frozen /// Desserts,Frozen /// Desserts /// Ice Cream,"118 - Sugar, Jam, Honey & Confectionery",2026-06-15
spinneys,11826.0,Potates chips,542825-V001,122810,SNIPS BAKED SEA SALT CHIPS,SNIPS BAKED SEA SALT CHIPS,,62,62,,True,0.36,0.36,https://www.spinneyslebanon.com/default/potato-chips-salt-542825-v001.html,https://d145dj1pf6foch.cloudfront.net/catalog/product/cache/e3aab6bdeb53db00d74a2d874a8ab952/5/4/542825-v001-1_4.jpg,Snacks & Candy /// Chips,Snacks & Candy /// Chips /// Chips Bags,"118 - Sugar, Jam, Honey & Confectionery",2026-06-15
spinneys,11826.0,Potates chips,520919-V001,65313,MASTER SALT CHIPS ,MASTER SALT CHIPS ,,70,70,,True,0.56,0.56,https://www.spinneyslebanon.com/default/master-chips-salt-80g.html,https://d145dj1pf6foch.cloudfront.net/catalog/product/cache/e3aab6bdeb53db00d74a2d874a8ab952/5/2/520919-v001-1_1.jpg,Snacks & Candy /// Chips,Snacks & Candy /// Chips /// Chips Bags,"118 - Sugar, Jam, Honey & Confectionery",2026-06-15
spinneys,11902.0,Soft salt,101696-V001,68435,ADAM FINE SALT,ADAM FINE SALT,,1,1,,True,0.35,0.35,https://www.spinneyslebanon.com/default/adam-fine-salt-1kg.html,https://d145dj1pf6foch.cloudfront.net/catalog/product/cache/e3aab6bdeb53db00d74a2d874a8ab952/1/0/101696-v001-1.jpg,Food Cupboards /// Salt Herbs & Spices,Food Cupboards /// Salt Herbs & Spices /// Salt & Salt Specialties,119 - Food Products n.e.c.,2026-06-15
spinneys,11902.0,Soft salt,527306-V001,103714,SPINNEYS IODIZED FINE SALT,SPINNEYS IODIZED FINE SALT,,700,700,,True,0.18,0.18,https://www.spinneyslebanon.com/default/iodized-fine-salt-527306-v001.html,https://d145dj1pf6foch.cloudfront.net/catalog/product/cache/e3aab6bdeb53db00d74a2d874a8ab952/5/2/527306-v001-1.jpg,Food Cupboards /// Salt Herbs & Spices,Food Cupboards /// Salt Herbs & Spices /// Salt & Salt Specialties,119 - Food Products n.e.c.,2026-06-15
spinneys,11903.0,"Cardamom, american",552506-V001,162607,MIN EL DAYAA CARDAMON WHOLE,MIN EL DAYAA CARDAMON WHOLE,,20,20,,True,3.25,3.25,https://www.spinneyslebanon.com/default/cardamon-whole.html,https://d145dj1pf6foch.cloudfront.net/catalog/product/cache/e3aab6bdeb53db00d74a2d874a8ab952/5/5/552506-v001-1.jpg,Food Cupboards /// Salt Herbs & Spices,Food Cupboards /// Salt Herbs & Spices /// Herbs & Spices,119 - Food Products n.e.c.,2026-06-15
spinneys,11903.0,"Cardamom, american",232955-V001,5696,SPINNEYS CARDAMON WHOLE,SPINNEYS CARDAMON WHOLE,,20,20,,True,3.15,3.15,https://www.spinneyslebanon.com/default/spinneys-cardamom-whole-20g.html,https://d145dj1pf6foch.cloudfront.net/catalog/product/cache/e3aab6bdeb53db00d74a2d874a8ab952/2/3/232955-v001-1_2.jpg,Food Cupboards /// Salt Herbs & Spices,Food Cupboards /// Salt Herbs & Spices /// Herbs & Spices,119 - Food Products n.e.c.,2026-06-15
spinneys,11904.0,"Cardamom, indian",634862-V001,315277,STE LUCIE CARDAMOME MOULUE,STE LUCIE CARDAMOME MOULUE,,32,32,,True,5.09,5.09,https://www.spinneyslebanon.com/default/ste-lucie-cardamome-moulue-634862-v001.html,https://d145dj1pf6foch.cloudfront.net/catalog/product/cache/e3aab6bdeb53db00d74a2d874a8ab952/6/3/634862-v001-1.jpg,Food Cupboards /// Salt Herbs & Spices,Food Cupboards /// Salt Herbs & Spices /// Herbs & Spices,119 - Food Products n.e.c.,2026-06-15
spinneys,11905.0,Mixed spices,599959-V001,261132,WAITROSE LEBANESE 7 SPICE STYLE BLEND,WAITROSE LEBANESE 7 SPICE STYLE BLEND,,50,50,,True,6.99,6.99,https://www.spinneyslebanon.com/default/waitrose-lebanese-7-spice-style-blend-599959-v001.html,https://d145dj1pf6foch.cloudfront.net/catalog/product/cache/e3aab6bdeb53db00d74a2d874a8ab952/5/9/599959-v001-1.jpg,Imported For You /// Cooking World,Food Cupboards /// Salt Herbs & Spices /// Herbs & Spices,119 - Food Products n.e.c.,2026-06-15
spinneys,11906.0,Ginger,109283-V001,1394,GINGER LOOSE,GINGER LOOSE,,1,1,,False,4.18,4.18,https://www.spinneyslebanon.com/default/loose-ginger-per-kg.html,https://d145dj1pf6foch.cloudfront.net/catalog/product/cache/e3aab6bdeb53db00d74a2d874a8ab952/1/0/109283-v001-1_3.jpg,Fruits & Vegetables /// Fresh Vegetables,Fruits & Vegetables /// Fresh Vegetables /// Vegetables,119 - Food Products n.e.c.,2026-06-15
spinneys,11908.0,Saffron,634946-V001,315529,"STE LUCIE SAFRAN EN FILAMENTS DEUX DOSES DE 0,1G","STE LUCIE SAFRAN EN FILAMENTS DEUX DOSES DE 0,1G",,20,20,,True,5.77,5.77,https://www.spinneyslebanon.com/default/ste-lucie-safran-en-filaments-deux-doses-de-0-1g-634946-v001.html,https://d145dj1pf6foch.cloudfront.net/catalog/product/cache/e3aab6bdeb53db00d74a2d874a8ab952/6/3/634946-v001-1.jpg,Food Cupboards /// Salt Herbs & Spices,Food Cupboards /// Salt Herbs & Spices /// Herbs & Spices,119 - Food Products n.e.c.,2026-06-15
spinneys,11911.0,black pepper,524866-V001,178265,ADONIS BLACK PEPPER,ADONIS BLACK PEPPER,,50,50,,True,1.49,1.49,https://www.spinneyslebanon.com/default/black-pepper-524866-v001.html,https://d145dj1pf6foch.cloudfront.net/catalog/product/cache/e3aab6bdeb53db00d74a2d874a8ab952/5/2/524866-v001-1_2.jpg,Food Cupboards /// Salt Herbs & Spices,Food Cupboards /// Salt Herbs & Spices /// Herbs & Spices,119 - Food Products n.e.c.,2026-06-15
spinneys,11911.0,black pepper,232922-V001,5618,SPINNEYS BLACK PEPPER POWDER,SPINNEYS BLACK PEPPER POWDER,,50,50,,True,1.75,1.75,https://www.spinneyslebanon.com/default/spinneys-black-pepper-powder-50g.html,https://d145dj1pf6foch.cloudfront.net/catalog/product/cache/e3aab6bdeb53db00d74a2d874a8ab952/2/3/232922-v001-1_2.jpg,Food Cupboards /// Salt Herbs & Spices,Food Cupboards /// Salt Herbs & Spices /// Herbs & Spices,119 - Food Products n.e.c.,2026-06-15
spinneys,11916.0,Tahini liquid,135182-V001,2948,EL YAMAN TAHINEH,EL YAMAN TAHINEH,,907,907,,True,7.19,7.19,https://www.spinneyslebanon.com/default/al-yaman-tahineh-900g.html,https://d145dj1pf6foch.cloudfront.net/catalog/product/cache/e3aab6bdeb53db00d74a2d874a8ab952/1/3/135182-v001-1_1.jpg,World Foods /// Arabic Food,Food Cupboards /// Canned Food & Packets /// Tahina,119 - Food Products n.e.c.,2026-06-15
spinneys,11933.0,Mayonnaise,278220-V001,64437,PLEIN SOLEIL MAYONNAISE,PLEIN SOLEIL MAYONNAISE,,500,500,,False,2.72,2.72,https://www.spinneyslebanon.com/default/plein-soleil-mayonnaise-500ml.html,https://d145dj1pf6foch.cloudfront.net/catalog/product/cache/e3aab6bdeb53db00d74a2d874a8ab952/2/7/278220-v001-1_3.jpg,Food Cupboards /// Sauces & Dressings,Food Cupboards /// Sauces & Dressings /// Mayonnaise,119 - Food Products n.e.c.,2026-06-15
spinneys,11934.0,Ketchup,516494-V001,53941,PUIDOR KETCHUP SQUEEZE,PUIDOR KETCHUP SQUEEZE,,820,820,,True,2.39,2.39,https://www.spinneyslebanon.com/default/puidor-tomato-ketchup-820g.html,https://d145dj1pf6foch.cloudfront.net/catalog/product/cache/e3aab6bdeb53db00d74a2d874a8ab952/5/1/516494-v001-1_1.jpg,Food Cupboards /// Sauces & Dressings,Food Cupboards /// Sauces & Dressings /// Ketchup,119 - Food Products n.e.c.,2026-06-15
spinneys,11934.0,Ketchup,492436-V001,64458,PLEIN SOLEIL KETCHUP SQUEEZE,PLEIN SOLEIL KETCHUP SQUEEZE,,510,510,,False,1.25,1.25,https://www.spinneyslebanon.com/default/plein-soleil-ketchup-squeeze-510g.html,https://d145dj1pf6foch.cloudfront.net/catalog/product/cache/e3aab6bdeb53db00d74a2d874a8ab952/4/9/492436-v001-1_1.jpg,Food Cupboards /// Sauces & Dressings,Food Cupboards /// Sauces & Dressings /// Ketchup,119 - Food Products n.e.c.,2026-06-15
spinneys,11935.0,Chili,610408-V001,272754,PLEIN SOLEIL SATAY CHILI SAUCE,PLEIN SOLEIL SATAY CHILI SAUCE,,150,150,,True,0.99,0.99,https://www.spinneyslebanon.com/default/plein-soleil-satay-chili-sauce-610408-v001.html,https://d145dj1pf6foch.cloudfront.net/catalog/product/cache/e3aab6bdeb53db00d74a2d874a8ab952/6/1/610408-v001-1.jpg,,,119 - Food Products n.e.c.,2026-06-15
spinneys,11936.0,Chicken Soup,575283-V001,216345,MAGGI CHICKEN NOODLE SOUP,MAGGI CHICKEN NOODLE SOUP,,50,50,,True,0.49,0.49,https://www.spinneyslebanon.com/default/chicken-noodle-soup-575283-v001.html,https://d145dj1pf6foch.cloudfront.net/catalog/product/cache/e3aab6bdeb53db00d74a2d874a8ab952/5/7/575283-v001-1.jpg,Food Cupboards /// Canned Food & Packets,Food Cupboards /// Canned Food & Packets /// Soups,119 - Food Products n.e.c.,2026-06-15
spinneys,12101.0,"Tea (Bashen, Rabie, and Abu gabal)",202636-V001,279960,HORSE HEAD LOOSE TEA,HORSE HEAD LOOSE TEA,,350,350,,True,5.79,5.79,https://www.spinneyslebanon.com/default/horse-head-loose-tea-202636-v001.html,https://d145dj1pf6foch.cloudfront.net/catalog/product/cache/e3aab6bdeb53db00d74a2d874a8ab952/2/0/202636-v001-1_2.jpg,Beverages /// Teas & Herbals,Beverages /// Teas & Herbals /// Black & Green Tea,"121 - Coffee, Tea and Cocoa",2026-06-15
spinneys,12102.0,Tea bags,104225-V001,59137,LIPTON TEA BAGS,LIPTON TEA BAGS,,100,100,,True,3.15,3.15,https://www.spinneyslebanon.com/default/lipton-tea-bags-100-sachets.html,https://d145dj1pf6foch.cloudfront.net/catalog/product/cache/e3aab6bdeb53db00d74a2d874a8ab952/1/0/104225-v001-1_1_1.jpg,Beverages /// Teas & Herbals,Beverages /// Teas & Herbals /// Black & Green Tea,"121 - Coffee, Tea and Cocoa",2026-06-15
spinneys,12103.0,"Tea, cans",277234-V001,27623,LIPTON ICE TEA PEACH CAN,LIPTON ICE TEA PEACH CAN,,320,320,,True,2.75,2.75,https://www.spinneyslebanon.com/default/lipton-ice-tea-with-peach-can-33cl.html,https://d145dj1pf6foch.cloudfront.net/catalog/product/cache/e3aab6bdeb53db00d74a2d874a8ab952/2/7/277234-v001-1_2.jpg,Beverages /// Soft Drinks,Beverages /// Soft Drinks /// Iced Tea,"121 - Coffee, Tea and Cocoa",2026-06-15
spinneys,12104.0,Green tea,307467-V001,107181,LIPTON CLEAR GREEN TEA,LIPTON CLEAR GREEN TEA,,25,25,,True,1.65,1.65,https://www.spinneyslebanon.com/default/lipton-clear-green-tea-25s.html,https://d145dj1pf6foch.cloudfront.net/catalog/product/cache/e3aab6bdeb53db00d74a2d874a8ab952/3/0/307467-v001-1_1.jpg,Beverages /// Teas & Herbals,Beverages /// Teas & Herbals /// Black & Green Tea,"121 - Coffee, Tea and Cocoa",2026-06-15
spinneys,12109.0,Roasted and ground coffee,104317-V001,26939,NESCAFE RED MUG,NESCAFE RED MUG,,190,190,,True,8.75,8.75,https://www.spinneyslebanon.com/default/nescafe-classic-red-mug-200g.html,https://d145dj1pf6foch.cloudfront.net/catalog/product/cache/e3aab6bdeb53db00d74a2d874a8ab952/1/0/104317-v001-1_1.jpg,Beverages /// Coffee & Creamers,Beverages /// Coffee & Creamers /// Instant Coffee & Creamers,"121 - Coffee, Tea and Cocoa",2026-06-15
spinneys,12110.0,Turkish coffee,104337-V001,172396,CAFE NAJJAR NORMAL BLEND COFFEE VAC.,CAFE NAJJAR NORMAL BLEND COFFEE VAC.,,400,400,,True,7.39,7.39,https://www.spinneyslebanon.com/default/normal-blend-coffee-vac.html,https://d145dj1pf6foch.cloudfront.net/catalog/product/cache/e3aab6bdeb53db00d74a2d874a8ab952/1/0/104337-v001-1_2.jpg,Beverages /// Coffee & Creamers,Beverages /// Coffee & Creamers /// Turkish Coffee,"121 - Coffee, Tea and Cocoa",2026-06-15
spinneys,12114.0,instant cappuccino,541477-V001,114120,NESCAFE NESCAFE CAPPUCCINO FOAMY,NESCAFE NESCAFE CAPPUCCINO FOAMY,,19,19,,True,0.32,0.32,https://www.spinneyslebanon.com/default/nescafe-cappuccino-foamy-541477-v001.html,https://d145dj1pf6foch.cloudfront.net/catalog/product/cache/e3aab6bdeb53db00d74a2d874a8ab952/5/4/541477-v001-1_1.jpg,Beverages /// Coffee & Creamers,Beverages /// Coffee & Creamers /// Instant Coffee & Creamers,"121 - Coffee, Tea and Cocoa",2026-06-15
spinneys,12201.0,"Health water, bottled",171739-V001,45658,RIM SPRING MINERAL WATER,RIM SPRING MINERAL WATER,,500,500,,True,1.99,1.99,https://www.spinneyslebanon.com/default/rim-spring-mineral-water-12x500ml.html,https://d145dj1pf6foch.cloudfront.net/catalog/product/cache/e3aab6bdeb53db00d74a2d874a8ab952/1/7/171739-v001-2_1.jpg,Beverages /// Water,Beverages /// Water /// Still Water,"122 - Mineral Waters, Soft Drinks & Juices",2026-06-15
spinneys,12201.0,"Health water, bottled",110826-V001,28130,TANNOURINE MINERAL WATER,TANNOURINE MINERAL WATER,,500,500,,True,1.89,1.89,https://www.spinneyslebanon.com/default/tannourine-natural-spring-mineral-water-12x500ml.html,https://d145dj1pf6foch.cloudfront.net/catalog/product/cache/e3aab6bdeb53db00d74a2d874a8ab952/1/1/110826-v001-2_1_1.jpg,Beverages /// Water,Beverages /// Water /// Still Water,"122 - Mineral Waters, Soft Drinks & Juices",2026-06-15
spinneys,12201.0,"Health water, bottled",110808-V001,28109,SOHAT MINERAL WATER,SOHAT MINERAL WATER,,1,1,,True,2.69,2.69,https://www.spinneyslebanon.com/default/sohat-natural-mineral-water-6x1-5l.html,https://d145dj1pf6foch.cloudfront.net/catalog/product/cache/e3aab6bdeb53db00d74a2d874a8ab952/1/1/110808-v001-2_1.jpg,Beverages /// Water,Beverages /// Water /// Still Water,"122 - Mineral Waters, Soft Drinks & Juices",2026-06-15
spinneys,12202.0,"Health water, jerry cans",521040-V001,141469,RIM MINERAL WATER PET GALLON,RIM MINERAL WATER PET GALLON,,10,10,,True,1.75,1.75,https://www.spinneyslebanon.com/default/catalog/product/view/id/141469/s/mineral-water-pet-gallon/,https://d145dj1pf6foch.cloudfront.net/catalog/product/cache/e3aab6bdeb53db00d74a2d874a8ab952/5/2/521040-v001-1_1.jpg,Beverages /// Water,Beverages /// Water /// Still Water,"122 - Mineral Waters, Soft Drinks & Juices",2026-06-15
spinneys,12202.0,"Health water, jerry cans",299445-V001,140665,TANNOURINE MINERAL WATER,TANNOURINE MINERAL WATER,,6,6,,True,1.39,1.39,https://www.spinneyslebanon.com/default/mineral-water-299445-v001.html,https://d145dj1pf6foch.cloudfront.net/catalog/product/cache/e3aab6bdeb53db00d74a2d874a8ab952/2/9/299445-v001-1_1.jpg,Beverages /// Water,Beverages /// Water /// Still Water,"122 - Mineral Waters, Soft Drinks & Juices",2026-06-15
spinneys,12202.0,"Health water, jerry cans",460093-V001,59035,PURE LIFE PURE LIFE WATER,PURE LIFE PURE LIFE WATER,,6,6,,True,1.49,1.49,https://www.spinneyslebanon.com/default/pure-life-pure-life-water-6l.html,https://d145dj1pf6foch.cloudfront.net/catalog/product/cache/e3aab6bdeb53db00d74a2d874a8ab952/4/6/460093-v001-1_1.jpg,Beverages /// Water,Beverages /// Water /// Still Water,"122 - Mineral Waters, Soft Drinks & Juices",2026-06-15
spinneys,12202.0,"Health water, jerry cans",150187-V001,179249,SPINNEYS SPRING MINERAL WATER,SPINNEYS SPRING MINERAL WATER,,6,6,,True,1.25,1.25,https://www.spinneyslebanon.com/default/spring-mineral-water-150187-v001.html,https://d145dj1pf6foch.cloudfront.net/catalog/product/cache/e3aab6bdeb53db00d74a2d874a8ab952/1/5/150187-v001-1.jpg,Beverages /// Water,Beverages /// Water /// Still Water,"122 - Mineral Waters, Soft Drinks & Juices",2026-06-15
spinneys,12206.0,Mango juice-local,564607-V001,209111,ZUMBA MANGO JUICE,ZUMBA MANGO JUICE,,250,250,,True,0.55,0.55,https://www.spinneyslebanon.com/default/mango-juice-564607-v001.html,https://d145dj1pf6foch.cloudfront.net/catalog/product/cache/e3aab6bdeb53db00d74a2d874a8ab952/5/6/564607-v001-1.jpg,Beverages /// Juices,Beverages /// Juices /// Fruit Juices,"122 - Mineral Waters, Soft Drinks & Juices",2026-06-15
spinneys,12208.0,"Canned mixed fruit juice, local",436060-V001,69665,TROPICANA MIXED FRUIT TETRAPACK,TROPICANA MIXED FRUIT TETRAPACK,,180,180,,True,0.18,0.18,https://www.spinneyslebanon.com/default/mixed-fruit-tetrapack.html,https://d145dj1pf6foch.cloudfront.net/catalog/product/cache/e3aab6bdeb53db00d74a2d874a8ab952/4/3/436060-v001-1_1.jpg,Beverages /// Juices,Beverages /// Juices /// Fruit Juices,"122 - Mineral Waters, Soft Drinks & Juices",2026-06-15
spinneys,12208.0,"Canned mixed fruit juice, local",321265-V001,69626,TROPICANA SLICE MIXED FRUIT,TROPICANA SLICE MIXED FRUIT,,240,240,,True,0.43,0.43,https://www.spinneyslebanon.com/default/slice-mixed-fruit.html,https://d145dj1pf6foch.cloudfront.net/catalog/product/cache/e3aab6bdeb53db00d74a2d874a8ab952/3/2/321265-v001-1_1.jpg,Beverages /// Juices,Beverages /// Juices /// Fruit Juices,"122 - Mineral Waters, Soft Drinks & Juices",2026-06-15
spinneys,12212.0,Apple Juice Cedar,407850-V001,29438,BALKIS ORCHARD APPLE JUICE,BALKIS ORCHARD APPLE JUICE,,1,1,,True,4.85,4.85,https://www.spinneyslebanon.com/default/balkis-apple-juice-1l.html,https://d145dj1pf6foch.cloudfront.net/catalog/product/cache/e3aab6bdeb53db00d74a2d874a8ab952/4/0/407850-v001-1_4.jpg,Beverages /// Juices,Beverages /// Juices /// Fresh Juices,"122 - Mineral Waters, Soft Drinks & Juices",2026-06-15
spinneys,12233.0,Powder juice (tang),538140-V001,150654,ARUBA POWDER JUICE MANGO DOYPACK,ARUBA POWDER JUICE MANGO DOYPACK,,500,500,,True,1.35,1.35,https://www.spinneyslebanon.com/default/powder-juice-mango-doypack-538140-v001.html,https://d145dj1pf6foch.cloudfront.net/catalog/product/cache/e3aab6bdeb53db00d74a2d874a8ab952/5/3/538140-v001-1_1.jpg,Beverages /// Cordials & Squash,,"122 - Mineral Waters, Soft Drinks & Juices",2026-06-15
spinneys,12234.0,"Carbonated drinks, bottles",288335-V001,74152,PEPSI REGULAR PET BOTTLE,PEPSI REGULAR PET BOTTLE,,1,1,,True,1.37,1.37,https://www.spinneyslebanon.com/default/regular-pet-bottle-288335-v001.html,https://d145dj1pf6foch.cloudfront.net/catalog/product/cache/e3aab6bdeb53db00d74a2d874a8ab952/5/1/519580-v001-1_1_1.jpg,Beverages /// Soft Drinks,Beverages /// Soft Drinks /// Carbonated,"122 - Mineral Waters, Soft Drinks & Juices",2026-06-15
spinneys,12235.0,"Carbonated drinks, cans",110774-V001,28106,MIRINDA REGULAR CAN,MIRINDA REGULAR CAN,,330,330,,True,0.7,0.7,https://www.spinneyslebanon.com/default/mirinda-orange-can-330ml.html,https://d145dj1pf6foch.cloudfront.net/catalog/product/cache/e3aab6bdeb53db00d74a2d874a8ab952/1/1/110774-v001-1_3.jpg,Beverages /// Soft Drinks,Beverages /// Soft Drinks /// Carbonated,"122 - Mineral Waters, Soft Drinks & Juices",2026-06-15
spinneys,12235.0,"Carbonated drinks, cans",110770-V001,28094,PEPSI REGULAR CAN,PEPSI REGULAR CAN,,330,330,,True,0.7,0.7,https://www.spinneyslebanon.com/default/pepsi-can-330ml.html,https://d145dj1pf6foch.cloudfront.net/catalog/product/cache/e3aab6bdeb53db00d74a2d874a8ab952/1/1/110770-v001-1_3.jpg,Beverages /// Soft Drinks,Beverages /// Soft Drinks /// Carbonated,"122 - Mineral Waters, Soft Drinks & Juices",2026-06-15
spinneys,12235.0,"Carbonated drinks, cans",110772-V001,28100,SEVEN UP REGULAR CAN,SEVEN UP REGULAR CAN,,330,330,,True,0.7,0.7,https://www.spinneyslebanon.com/default/7-up-can-330ml.html,https://d145dj1pf6foch.cloudfront.net/catalog/product/cache/e3aab6bdeb53db00d74a2d874a8ab952/1/1/110772-v001-1_3.jpg,Beverages /// Soft Drinks,Beverages /// Soft Drinks /// Carbonated,"122 - Mineral Waters, Soft Drinks & Juices",2026-06-15
spinneys,12236.0,"Beer, bottles",134192-V001,27119,LAZIZA N/ALC MALT BEER BOTTLE,LAZIZA N/ALC MALT BEER BOTTLE,,330,330,,True,3.69,3.69,https://www.spinneyslebanon.com/default/laziza-non-alcoholic-malt-beer-bottle-33cl.html,https://d145dj1pf6foch.cloudfront.net/catalog/product/cache/e3aab6bdeb53db00d74a2d874a8ab952/1/3/134192-v001-2_1.jpg,Alcohol /// Beer,Alcohol /// Beer /// Alcohol Free Beer,"122 - Mineral Waters, Soft Drinks & Juices",2026-06-15
spinneys,12238.0,Fresh juices,132551-V001,177941,BALKIS ORCHARD ORANGE JUICE,BALKIS ORCHARD ORANGE JUICE,,1,1,,True,4.85,4.85,https://www.spinneyslebanon.com/default/orange-juice-132551-v001.html,https://d145dj1pf6foch.cloudfront.net/catalog/product/cache/e3aab6bdeb53db00d74a2d874a8ab952/1/3/132551-v001-1_2.jpg,Beverages /// Juices,Beverages /// Juices /// Fresh Juices,"122 - Mineral Waters, Soft Drinks & Juices",2026-06-15
spinneys,12243.0,Energy drink,510465-V001,132239,DARK BLUE ENERGY DRINK,DARK BLUE ENERGY DRINK,,330,330,,True,0.75,0.75,https://www.spinneyslebanon.com/default/energy-drink-510465-v001.html,https://d145dj1pf6foch.cloudfront.net/catalog/product/cache/e3aab6bdeb53db00d74a2d874a8ab952/5/1/510465-v001_1.jpg,Beverages /// Soft Drinks,Beverages /// Soft Drinks /// Sports & Energy Drinks,"122 - Mineral Waters, Soft Drinks & Juices",2026-06-15
spinneys,12243.0,Energy drink,148203-V001,27281,RED BULL ENERGY DRINK,RED BULL ENERGY DRINK,,250,250,,True,4.49,4.49,https://www.spinneyslebanon.com/default/red-bull-energy-drink-250ml.html,https://d145dj1pf6foch.cloudfront.net/catalog/product/cache/e3aab6bdeb53db00d74a2d874a8ab952/1/4/148203-v001-3.jpg,Beverages /// Soft Drinks,Beverages /// Soft Drinks /// Sports & Energy Drinks,"122 - Mineral Waters, Soft Drinks & Juices",2026-06-15
spinneys,12243.0,Energy drink,148203-V001,27281,RED BULL ENERGY DRINK,RED BULL ENERGY DRINK,,250,250,,True,4.49,4.49,https://www.spinneyslebanon.com/default/red-bull-energy-drink-250ml.html,https://d145dj1pf6foch.cloudfront.net/catalog/product/cache/e3aab6bdeb53db00d74a2d874a8ab952/1/4/148203-v001-3.jpg,Beverages /// Soft Drinks,Beverages /// Soft Drinks /// Sports & Energy Drinks,"122 - Mineral Waters, Soft Drinks & Juices",2026-06-15
